timestamp,date,team,branch,new_register,new_reg_purchased,buy_value_new,existing_users,buy_value_existing,footfall,step_in,team_cost,merch_cost,merch_items,lat,lng,status,staff_in_charge
2026-01-19T08:30:35.501Z,2026-01-19,Agency,Dongdok Market,29,29,0,5,0,1430,280,4554000,203000,,18.04578373,102.6366376,Active,
2026-01-20T08:30:35.501Z,2026-01-20,Agency,Xokthavy Dankham,46,9,0,17,0,760,260,4554000,98000,,17.978042070000001,102.52577100000001,Active,
2026-01-21T08:30:35.501Z,2026-01-21,Agency,Suanmone Market,37,20,0,29,53700000,840,450,4554000,228000,,17.918636750000001,102.62059480000001,Active,
2026-01-22T08:30:35.501Z,2026-01-22,Agency,APB Bank,43,29,0,16,16927000,1640,620,4554000,222000,,18.026555070000001,102.6523636,Active,
2026-01-23T08:30:35.501Z,2026-01-23,Agency,Nonsaengchanh Market,33,25,0,11,63384000,550,430,4554000,212000,,17.993666560000001,102.7030774,Active,
2026-01-24T08:30:35.501Z,2026-01-24,Agency,Xokthavy Thongkhankham,59,47,0,26,120125000,2300,860,4554000,454000,,17.97419696,102.60788429999999,Active,
2026-01-26T08:30:35.501Z,2026-01-26,Agency,Xokthavy Donenoun,49,26,0,10,156400000,1600,760,4554000,306000,,18.045559099999998,102.65905119999999,Active,
2026-01-27T08:30:35.501Z,2026-01-27,Agency,Insee Nongbone,34,34,0,35,30600000,1200,430,4554000,228000,,18.023617380000001,102.5484366,Active,
2026-01-28T08:30:35.501Z,2026-01-28,Agency,Lao Telecom Office,29,32,0,39,650748000,1100,480,4554000,632000,,17.964268799999999,102.60965469999999,Active,
2026-01-29T08:30:35.501Z,2026-01-29,Agency,Xokthavy Chommany,33,24,0,37,29300000,860,410,4554000,215000,,18.001760040000001,102.6274143,Active,
2026-02-06T08:30:35.501Z,2026-02-06,Agency,Phonsavang Market,16,9,3300000,20,18666667,780,340,4554000,522000,,18.000022380000001,102.6259012,Active,
2026-02-07T08:30:35.501Z,2026-02-07,Agency,Nnghai Market,24,16,5800000,35,31150000,1100,540,4554000,565000,,17.91441786,102.6492325,Active,
2026-02-09T08:30:35.501Z,2026-02-09,Agency,Nonkhor Market,33,20,2000000,26,234638000,1700,630,4554000,760000,,17.967549989999998,102.6607659,Active,
2026-02-10T08:30:35.501Z,2026-02-10,Agency,Lao Market,30,17,3700000,27,17409000,1500,680,4554000,387000,,18.030455709999998,102.65997830000001,Active,
2026-02-11T08:30:35.501Z,2026-02-11,Agency,Khaopoon Jeiw King,39,17,3600000,61,1307300000,160,760,4554000,480000,,17.97960595,102.627652,Active,
2026-02-12T08:30:35.501Z,2026-02-12,Agency,Thatluang lake,44,24,3500000,48,10700000,1730,600,4554000,485000,,17.960596160000001,102.6502594,Active,
2026-02-14T08:30:35.501Z,2026-02-14,Agency,EDL / ITECC,39,19,7800000,127,59585629,3800,2160,4554000,2112000,,17.962011789999998,102.6465288,Active,
2026-02-16T08:30:35.501Z,2026-02-16,Agency,BCEL Office,36,18,12890000,59,302328000,870,460,4554000,2821000,,17.963404780000001,102.60682559999999,Active,
2026-02-17T08:30:35.501Z,2026-02-17,Agency,Seen dard Farsai,38,8,11800000,37,20372000,320,530,4554000,982000,,17.9808241,102.60845310000001,Active,
2026-02-18T08:30:35.501Z,2026-02-18,Agency,ETL Office,16,13,4000000,52,53749000,680,420,4554000,1734000,,17.97010972,102.6134634,Active,
2026-02-19T08:30:35.501Z,2026-02-19,Agency,Xokthavy TKK / BECL,28,9,3500000,41,13601334,1020,520,4554000,766000,,17.97419696,102.60788429999999,Active,
2026-02-20T08:30:35.501Z,2026-02-20,Agency,Xokthavy Donenoun / Friendship,39,17,7200000,38,97790000,1200,630,4554000,923000,,18.045559099999998,102.65905119999999,Active,
2026-02-21T08:30:35.501Z,2026-02-21,Agency,Thatluang Lake Night Market,36,6,600000,53,14600000,1320,710,4554000,523000,,17.960596160000001,102.6502594,Active,
2026-02-23T08:30:35.501Z,2026-02-23,Agency,Xokthavy Nongviengkham,42,12,2000000,66,34200000,950,650,4554000,687000,,18.048650349999999,102.6394389,Active,
2026-02-24T08:30:35.501Z,2026-02-24,Agency,JDB Bank,24,7,2900000,51,207610000,975,645,4554000,827000,,17.967065980000001,102.6139934,Active,
2026-02-25T08:30:35.501Z,2026-02-25,Agency,Xokthavy Vientiane Center,58,12,4300000,54,78200000,1055,745,4554000,454000,,17.96284494,102.6176559,Active,
2026-02-26T08:30:35.501Z,2026-02-26,Agency,Lao Telecom,36,11,2800000,54,35700000,1250,685,4554000,616000,,17.964268799999999,102.60965469999999,Active,
2026-02-27T08:30:35.501Z,2026-02-27,Agency,Lao-Top College,50,23,2700000,46,2300000,850,570,4554000,482000,,17.94508561,102.6390749,Active,
2026-02-28T08:30:35.501Z,2026-02-28,Agency,Xokthavy Vientiane Center,42,22,5300000,39,61968000,1055,770,4554000,472000,,17.96284494,102.6176559,Active,
2026-03-02T08:30:35.501Z,2026-03-02,Agency,LDB,25,9,2300000,72,580072000,950,580,4554000,1181000,,17.96738422,102.59928549999999,Active,
2026-03-03T08:30:35.501Z,2026-03-03,Agency,Vietin,41,17,6752000,67,1102799000,1150,750,4554000,1326000,,17.96898097,102.61617769999999,Active,
2026-03-04T08:30:35.501Z,2026-03-04,Agency,UYD,35,9,1700000,47,13200000,720,450,8554000,454000,,17.966324969999999,102.6068484,Active,
2026-03-05T08:30:35.501Z,2026-03-05,Agency,UYD,40,7,1100000,31,56000000,850,480,8554000,476000,,17.966324969999999,102.6068484,Active,
2026-03-06T08:30:35.501Z,2026-03-06,Agency,UYD,28,6,900000,43,24200000,800,450,8554000,569000,,17.966324969999999,102.6068484,Active,
2026-03-07T08:30:35.501Z,2026-03-07,Agency,UYD,27,8,1000000,43,10600000,855,460,8554000,456000,,17.966324969999999,102.6068484,Active,
2026-03-08T08:30:35.501Z,2026-03-08,Agency,UYD,20,6,800000,45,56170000,895,475,8554000,561000,,17.966324969999999,102.6068484,Active,
2026-03-10T08:30:35.501Z,2026-03-10,Agency,D-Book,60,10,1000000,50,18200000,1150,675,7887333,450000,,18.039735700000001,102.6358019,Active,
2026-03-11T08:30:35.501Z,2026-03-11,Agency,D-Book,50,18,1800000,52,10779000,1050,570,4554000,1408000,,18.039735700000001,102.6358019,Active,
2026-03-12T08:30:35.501Z,2026-03-12,Agency,D-Book,75,15,4300000,39,57620000,1070,578,4554000,1272000,,18.039735700000001,102.6358019,Active,
2026-03-13T08:30:35.501Z,2026-03-13,Agency,D-Book,49,6,600000,47,5900000,990,448,4554000,731000,,18.039735700000001,102.6358019,Active,
2026-03-14T08:30:35.501Z,2026-03-14,Agency,D-Book,36,13,2700000,35,61371000,850,415,4554000,806000,,18.039735700000001,102.6358019,Active,
2026-03-15T08:30:35.501Z,2026-03-15,Agency,D-Book,26,3,54770000,49,57320000,820,390,4554000,961000,,18.039735700000001,102.6358019,Active,
2026-03-17T08:30:35.501Z,2026-03-17,Agency,EDL Office,31,24,30100000,64,229798000,965,485,4554000,1779000,,17.942289809999998,102.6276732,Active,
2026-03-18T08:30:35.501Z,2026-03-18,Agency,Phongsavanh bank,27,21,66950000,68,291506000,980,475,4554000,2166000,,18.02098522,102.6515583,Active,
2026-03-19T08:30:35.501Z,2026-03-19,Agency,Seendard Kutuina,42,13,55017000,39,622891000,768,369,4554000,2620000,,17.98378434,102.6265423,Active,
2026-03-20T08:30:35.501Z,2026-03-20,Agency,Seendard Tomu,37,21,19200000,34,367734000,770,388,4554000,1307000,,17.959801880000001,102.61102820000001,Active,
2026-03-22T08:30:35.501Z,2026-03-22,Agency,Fresh Mart,46,20,98300000,68,431336000,1255,488,4554000,1849000,,17.97375289,102.616384,Active,
2026-03-23T08:30:35.501Z,2026-03-23,Agency,CKL Factory,50,11,34643000,34,491050000,750,335,4554000,1358000,,17.973147659999999,102.65001289999999,Active,
2026-03-25T08:30:35.501Z,2026-03-25,Agency,Sihome,62,30,97280000,56,600780000,1220,458,4554000,3117000,,17.967590189999999,102.60416669999999,Active,
2026-01-08T08:30:35.501Z,2026-01-08,KPV,ວັງທອງ,4,4,400000,3,105585000,223,12,160000,150000,,17.96965509,102.6078945,Active,
2026-01-09T08:30:35.501Z,2026-01-09,KPV,ວັັງທອງ,3,3,4200000,3,58220000,194,13,160000,100000,,17.96965509,102.6078945,Active,
2026-01-14T08:30:35.501Z,2026-01-14,KPV,ໄອເຕັກ,11,11,1900000,4,114480000,218,19,240000,242000,,17.960909109999999,102.64385919999999,Active,
2026-01-15T08:30:35.501Z,2026-01-15,KPV,ໄອເຕັກ,12,12,12400000,3,51700000,176,23,240000,163000,,17.960909109999999,102.64385919999999,Active,
2026-01-16T08:30:35.501Z,2026-01-16,KPV,ໄອເຕັກ,9,9,1300000,7,177001000,164,28,240000,215000,,17.960909109999999,102.64385919999999,Active,
2026-01-19T08:30:35.501Z,2026-01-19,KPV,ວັງທອງ,11,11,2716000,3,46487500,241,19,240000,159000,,17.96965509,102.6078945,Active,
2026-01-21T08:30:35.501Z,2026-01-21,KPV,ວັງທອງ,17,17,3900000,8,299020000,327,35,240000,317000,,17.96965509,102.6078945,Active,
2026-01-22T08:30:35.501Z,2026-01-22,KPV,ວັງທອງ,13,13,15900000,7,92161000,284,27,240000,244000,,17.96965509,102.6078945,Active,
2026-01-23T08:30:35.501Z,2026-01-23,KPV,ວັງທອງ,14,14,3400000,9,132400000,318,32,240000,254000,,17.96965509,102.6078945,Active,
2026-01-26T08:30:35.501Z,2026-01-26,KPV,ວຽງຈັນເຊັນເຕີ້,4,4,30700000,3,53870000,65,11,240000,114000,,17.962706130000001,102.61803930000001,Active,
2026-01-28T08:30:35.501Z,2026-01-28,KPV,ວຽງຈັນເຊັນເຕີ້,7,7,1500000,5,254633334,93,15,240000,174000,,17.962706130000001,102.61803930000001,Active,
2026-01-29T08:30:35.501Z,2026-01-29,KPV,ວຽງຈັນເຊັນເຕີ້,9,9,2600000,5,132350000,73,21,240000,232000,,17.962706130000001,102.61803930000001,Active,
2026-01-30T08:30:35.501Z,2026-01-30,KPV,ວຽງຈັນເຊັນເຕີ້,7,7,1500000,4,450201334,89,17,240000,275000,,17.962706130000001,102.61803930000001,Active,
2026-02-02T08:30:35.501Z,2026-02-02,KPV,ວັງທອງ,9,9,2100000,5,41360000,159,21,240000,174000,,17.96965509,102.6078945,Active,
2026-02-04T08:30:35.501Z,2026-02-04,KPV,ວັງທອງ,25,25,58000000,5,390761500,290,38,240000,441000,,17.96965509,102.6078945,Active,
2026-02-05T08:30:35.501Z,2026-02-05,KPV,ວັງທອງ,21,21,6600000,9,217870000,190,35,240000,349000,,17.96965509,102.6078945,Active,
2026-02-06T08:30:35.501Z,2026-02-06,KPV,ວັງທອງ,27,27,57500000,9,300700000,259,45,240000,393000,,17.96965509,102.6078945,Active,
2026-02-09T08:30:35.501Z,2026-02-09,KPV,ໄອເຕັກ,19,19,4300000,5,170150000,220,30,240000,274000,,17.960909109999999,102.64385919999999,Active,
2026-02-11T08:30:35.501Z,2026-02-11,KPV,ໄອເຕັກ,17,17,2900000,9,204965000,200,28,240000,348000,,17.960909109999999,102.64385919999999,Active,
2026-02-12T08:30:35.501Z,2026-02-12,KPV,ໄອເຕັກ,18,18,24800000,11,274570000,250,35,240000,304000,,17.960909109999999,102.64385919999999,Active,
2026-02-13T08:30:35.501Z,2026-02-13,KPV,ໄອເຕັກ,19,19,3200000,5,137900000,185,30,160000,234000,,17.960909109999999,102.64385919999999,Active,
2026-02-16T08:30:35.501Z,2026-02-16,KPV,ວັງທອງ,22,22,3900000,5,405369500,320,38,160000,313000,,17.96965509,102.6078945,Active,
2026-02-18T08:30:35.501Z,2026-02-18,KPV,ຕະຫຼາດເຊົ້າ,14,14,2300000,6,348750000,300,30,741250,327000,,17.965317249999998,102.6144869,Active,
2026-02-19T08:30:35.501Z,2026-02-19,KPV,ຕະຫຼາດເຊົ້າ,12,12,1300000,4,275400000,294,25,661250,208000,,17.965317249999998,102.6144869,Active,
2026-02-20T08:30:35.501Z,2026-02-20,KPV,ຕະຫຼາດເຊົ້າ,12,12,2900000,15,98740000,300,40,581250,270000,,17.965317249999998,102.6144869,Active,
2026-02-23T08:30:35.501Z,2026-02-23,KPV,ຕະຫຼາດເຊົ້າ,7,7,700000,4,90395000,200,25,741250,183000,,17.965317249999998,102.6144869,Active,
2026-02-25T08:30:35.501Z,2026-02-25,KPV,ວຽງຈັນເຊັນເຕີ້,7,7,700000,2,215800000,98,10,160000,194000,,17.962706130000001,102.61803930000001,Active,
2026-02-26T08:30:35.501Z,2026-02-26,KPV,ວຽງຈັນເຊັນເຕີ້,9,9,1300000,6,130800000,120,20,160000,153000,,17.962706130000001,102.61803930000001,Active,
2026-03-02T08:30:35.501Z,2026-03-02,KPV,ວັງທອງ,25,25,4600000,7,253200000,350,45,240000,279000,,17.96965509,102.6078945,Active,
2026-03-04T08:30:35.501Z,2026-03-04,KPV,ວັງທອງ,28,28,4100000,7,287295667,375,50,240000,332000,,17.96965509,102.6078945,Active,
2026-03-05T08:30:35.501Z,2026-03-05,KPV,ວັງທອງ,23,23,3500000,8,262331584,290,45,240000,368000,,17.96965509,102.6078945,Active,
2026-03-06T08:30:35.501Z,2026-03-06,KPV,ວັງທອງ,22,22,3900000,11,292690000,300,40,240000,362000,,17.96965509,102.6078945,Active,
2026-03-11T08:30:35.501Z,2026-03-11,KPV,ໄອເຕັກ,19,19,2700000,5,200162000,250,30,240000,263000,,17.960909109999999,102.64385919999999,Active,
2026-03-12T08:30:35.501Z,2026-03-12,KPV,ໄອເຕັກ,21,21,2800000,8,192460000,235,35,240000,274000,,17.960909109999999,102.64385919999999,Active,
2026-03-13T08:30:35.501Z,2026-03-13,KPV,ງານ ພາຈ່າຍ,7,7,700000,6,200000,127,25,240000,45000,,17.988927570000001,102.63119279999999,Active,
2026-03-16T08:30:35.501Z,2026-03-16,KPV,ຕະຫຼາດເຊົ້າ,14,14,2100000,10,309260000,200,30,240000,274000,,17.965317249999998,102.6144869,Active,
2026-03-18T08:30:35.501Z,2026-03-18,KPV,ຕະຫຼາດເຊົ້າ,7,7,218500000,6,245050000,250,20,240000,267000,,17.965317249999998,102.6144869,Active,
2026-03-19T08:30:35.501Z,2026-03-19,KPV,ຕະຫຼາດເຊົ້າ,6,6,1300000,5,428730000,200,20,240000,311000,,17.965317249999998,102.6144869,Active,
2026-03-20T08:30:35.501Z,2026-03-20,KPV,ຕະຫຼາດເຊົ້າ,7,7,1850000,11,301290000,200,25,240000,212000,,17.965317249999998,102.6144869,Active,
2026-03-23T08:30:35.501Z,2026-03-23,KPV,ຕະຫຼາດເຊົ້າ,4,4,3798000,7,278160000,350,25,160000,130000,,17.965317249999998,102.6144869,Active,
2026-03-23T08:30:35.501Z,2026-03-23,KPV,ວັງທອງ,13,13,5750000,9,322280000,400,35,240000,229000,,17.96965509,102.6078945,Active,
2026-03-25T08:30:35.501Z,2026-03-25,KPV,ວັງທອງ,11,11,11950000,10,223690000,250,25,240000,159000,,17.96965509,102.6078945,Active,
2026-04-03T03:04:26.562Z,2026-04-01,Agency,Branch Location,38,28,17400000,43,195130000,645,260,4554000,1183500000,"[{""name"":""Piggy Bank"",""qty"":15150,""cpu"":59000},{""name"":""Mug"",""qty"":550,""cpu"":40000},{""name"":""Pen"",""qty"":53530,""cpu"":5000}]",0,0,active,[]
2026-04-03T07:36:40.926Z,2026-04-01,KPV,Taladsao,8,8,1200000,10,107196000,300,25,0,65790000,"[{""name"":""Pen"",""qty"":10100,""cpu"":5000},{""name"":""Mug"",""qty"":220,""cpu"":40000},{""name"":""Piggy Bank"",""qty"":110,""cpu"":59000}]",0,0,active,"[""ນ ສຸລິສາ ຊາມາລັດ (ກ້ອຍ)"",""ນ ສຸດສະດາ ເເກ້ວວົງເພັດ (ເມ)"",""ນາງ ສານຝົນ ພົມມະເທດ (ອາເມ)""]"
2026-04-03T07:38:47.784Z,2026-04-02,KPV,Taladsao,11,11,1650000,10,226091000,300,35,540000,104770000,"[{""name"":""Pen"",""qty"":17170,""cpu"":5000},{""name"":""Mug"",""qty"":110,""cpu"":40000},{""name"":""Piggy Bank"",""qty"":110,""cpu"":59000},{""name"":""Tumblr"",""qty"":110,""cpu"":73000}]",0,0,active,"[""ນ ສຸດສະດາ ເເກ້ວວົງເພັດ (ເມ)"",""ນາງ ເກສອນ ມະໄລທອງ  (ນ້ອຍ)""]"
2026-04-03T09:33:46.591Z,2026-04-02,Agency,Honda NCX,28,18,5800000,48,10000000,569,235,4554000,795000000,"[{""name"":""Piggy Bank"",""qty"":550,""cpu"":59000},{""name"":""Mug"",""qty"":15150,""cpu"":40000},{""name"":""Pen"",""qty"":31310,""cpu"":5000}]",17.954100293675467,102.62397286328375,active,[]
2026-04-03T18:32:01.567Z,2026-04-03,Agency,Folk Market (Parkson),39,20,61500000,34,79230000,595,250,4554000,275270000,"[{""name"":""Umbrella"",""qty"":220,""cpu"":84000},{""name"":""Tumblr"",""qty"":220,""cpu"":73000},{""name"":""Pen"",""qty"":28280,""cpu"":5000},{""name"":""Mug"",""qty"":660,""cpu"":40000},{""name"":""Piggy Bank"",""qty"":330,""cpu"":59000},{""name"":""Waterproof bag"",""qty"":990,""cpu"":54000}]",17.995277400000006,102.53037261000001,active,[]
2026-04-06T08:46:52.253Z,2026-04-03,KPV,Taladsao,8,8,55330000,7,87365000,320,35,240000,104770000,"[{""name"":""Pen"",""qty"":17170,""cpu"":5000},{""name"":""Mug"",""qty"":110,""cpu"":40000},{""name"":""Piggy Bank"",""qty"":110,""cpu"":59000},{""name"":""Tumblr"",""qty"":110,""cpu"":73000}]",17.963905251269466,102.6296389626493,active,"[""ນ ສຸລິສາ ຊາມາລັດ (ກ້ອຍ)"",""ນ ສຸດສະດາ ເເກ້ວວົງເພັດ (ເມ)"",""ນາງ ທິບພະພອນ ທຳມະວົງສາ(ເບບີ)""]"
2026-04-13T03:16:21.328Z,2026-04-06,KPV,ITECC,14,14,41705000,12,208800000,210,40,240000,670210000,"[{""name"":""Pen"",""qty"":660,""cpu"":5000},{""name"":""Mug"",""qty"":110,""cpu"":40000},{""name"":""Tumblr"",""qty"":110,""cpu"":73000},{""name"":""Waterproof bag"",""qty"":12120,""cpu"":54000}]",17.963905896423739,102.62964933058821,active,"[""ນ ສຸລິສາ ຊາມາລັດ (ກ້ອຍ)"",""ນາງ ເພັດມະນີ ສົດສະຫວັນ (ເອື້ອຍນີ)"",""ນ ສຸດສະດາ ເເກ້ວວົງເພັດ (ເມ)""]"
2026-04-13T03:47:41.246Z,2026-04-08,KPV,ITECC,15,15,66371000,7,173780000,250,30,160000,74580000,"[{""name"":""Pen"",""qty"":440,""cpu"":5000},{""name"":""Mug"",""qty"":110,""cpu"":40000},{""name"":""Tumblr"",""qty"":110,""cpu"":73000},{""name"":""Waterproof bag"",""qty"":990,""cpu"":54000},{""name"":""Piggy Bank"",""qty"":110,""cpu"":59000}]",17.963839784150053,102.62966944337346,active,"[""ນາງ ດາລຸນນີ ພົມມະວົງໄຊ(ເຈວລີ້)"",""ນ ສຸດສະດາ ເເກ້ວວົງເພັດ (ເມ)""]"
2026-04-13T03:49:46.648Z,2026-04-09,KPV,ITECC,6,6,2300000,4,157080000,200,15,160000,53460000,"[{""name"":""Pen"",""qty"":770,""cpu"":5000},{""name"":""Tumblr"",""qty"":110,""cpu"":73000},{""name"":""Waterproof bag"",""qty"":770,""cpu"":54000}]",17.963839784150053,102.62966944337346,active,"[""ນາງ ສ້ອຍສຸດາ ພົງສະຫວັດ (ແຕງໂມ)"",""ນ ສຸດສະດາ ເເກ້ວວົງເພັດ (ເມ)""]"
2026-04-13T03:52:01.347Z,2026-04-10,KPV,ITECC,16,16,56120000,9,133243000,235,40,160000,70730000,"[{""name"":""Pen"",""qty"":550,""cpu"":5000},{""name"":""Tumblr"",""qty"":110,""cpu"":73000},{""name"":""Waterproof bag"",""qty"":990,""cpu"":54000},{""name"":""Piggy Bank"",""qty"":110,""cpu"":59000}]",17.963839784150053,102.62966944337346,active,"[""ນ ສຸດສະດາ ເເກ້ວວົງເພັດ (ເມ)"",""ນາງ ສົມພະໄທ ພົມໂສພາ(ພິ້ງກີ້)""]"
2026-04-20T03:15:31.311Z,2026-04-13,KPV,ITECC,5,5,1150000,11,106035000,275,20,80000,38500000,"[{""name"":""Pen"",""qty"":880,""cpu"":5000},{""name"":""Waterproof bag"",""qty"":550,""cpu"":54000},{""name"":""Mug"",""qty"":110,""cpu"":40000}]",17.963975136242741,102.62965623787584,active,"[""ນ ສຸດສະດາ ເເກ້ວວົງເພັດ (ເມ)""]"
2026-04-20T03:19:53.554Z,2026-04-17,KPV,ITECC,11,11,15312000,7,122594000,200,25,160000,31570000,"[{""name"":""Pen"",""qty"":990,""cpu"":5000},{""name"":""Waterproof bag"",""qty"":330,""cpu"":54000},{""name"":""Mug"",""qty"":220,""cpu"":40000}]",17.963877645415774,102.62966185449207,active,"[""ນ ສຸລິສາ ຊາມາລັດ (ກ້ອຍ)"",""ນ ສຸດສະດາ ເເກ້ວວົງເພັດ (ເມ)""]"
2026-04-20T03:30:00.016Z,2026-03-16,KPV,ຕະຫຼາດເຊົ້າ,0,0,0,0,0,0,0,0,0,[],0,0,active,"[""ນ ສຸລິສາ ຊາມາລັດ (ກ້ອຍ)"",""ນ ສຸດສະດາ ເເກ້ວວົງເພັດ (ເມ)"",""ນາງ ເພັດມະນີ ສົດສະຫວັນ (ເອື້ອຍນີ)""]"
2026-04-20T03:30:32.676Z,2026-03-18,KPV,ຕະຫຼາດເຊົ້າ,0,0,0,0,0,0,0,0,0,[],0,0,active,"[""ນ ສຸລິສາ ຊາມາລັດ (ກ້ອຍ)"",""ນ ສຸດສະດາ ເເກ້ວວົງເພັດ (ເມ)"",""ນາງ ສ້ອຍສຸດາ ພົງສະຫວັດ (ແຕງໂມ)""]"
2026-04-20T03:31:01.736Z,2026-03-19,KPV,ຕະຫຼາດເຊົ້າ,0,0,0,0,0,0,0,0,0,[],0,0,active,"[""ນ ສຸລິສາ ຊາມາລັດ (ກ້ອຍ)"",""ນາງ ເກສອນ ມະໄລທອງ  (ນ້ອຍ)""]"
2026-04-20T03:31:17.519Z,2026-03-20,KPV,ຕະຫຼາດເຊົ້າ,0,0,0,0,0,0,0,0,0,[],0,0,active,"[""ນ ສຸລິສາ ຊາມາລັດ (ກ້ອຍ)"",""ນາງ ສ້ອຍສຸດາ ພົງສະຫວັດ (ແຕງໂມ)""]"
2026-04-20T03:48:21.511Z,2026-03-23,KPV,ວັງທອງ,0,0,0,0,0,0,0,0,0,[],0,0,active,"[""ທ້າວ ຕາດຳ ສີສະນົນ (ຕາດຳ) "",""ນາງ ສານຝົນ ພົມມະເທດ (ອາເມ)"",""ນ ສຸລິສາ ຊາມາລັດ (ກ້ອຍ)"",""ນ ສຸດສະດາ ເເກ້ວວົງເພັດ (ເມ)"",""ນາງ ເກສອນ ມະໄລທອງ  (ນ້ອຍ)""]"
2026-04-20T03:48:49.799Z,2026-03-25,KPV,ວັງທອງ,0,0,0,0,0,0,0,0,0,[],0,0,active,"[""ນ ສຸດສະດາ ເເກ້ວວົງເພັດ (ເມ)"",""ນາງ ສ້ອຍສຸດາ ພົງສະຫວັດ (ແຕງໂມ)""]"
2026-04-20T03:55:26.171Z,2026-03-26,KPV,ວຽງຈັນເຊັນເຕີ້,0,0,0,0,0,0,0,0,0,[],17.963859220217739,102.6296520607802,active,"[""ນ ສຸລິສາ ຊາມາລັດ (ກ້ອຍ)"",""ນາງ ເພັດມະນີ ສົດສະຫວັນ (ເອື້ອຍນີ)""]"
2026-04-20T03:56:00.047Z,2026-03-27,KPV,ວຽງຈັນເຊັນເຕີ້,0,0,0,0,0,0,0,0,0,[],17.963859220217739,102.6296520607802,active,"[""ນ ສຸລິສາ ຊາມາລັດ (ກ້ອຍ)"",""ນາງ ເພັດມະນີ ສົດສະຫວັນ (ເອື້ອຍນີ)"",""ທ້າວ ຕາດຳ ສີສະນົນ (ຕາດຳ) ""]"
2026-04-20T03:56:23.316Z,2026-03-30,KPV,ວັງທອງ,0,0,0,0,0,0,0,0,0,[],17.963859220217739,102.6296520607802,active,"[""ນ ສຸລິສາ ຊາມາລັດ (ກ້ອຍ)"",""ນ ສຸດສະດາ ເເກ້ວວົງເພັດ (ເມ)"",""ນາງ ເກສອນ ມະໄລທອງ  (ນ້ອຍ)""]"
2026-04-20T08:34:53.802Z,2026-04-06,Agency,BCEL Sinounheung,46,35,19750000,49,31200000,550,305,4554000,1962910000,"[{""name"":""Pen"",""qty"":41410,""cpu"":5000},{""name"":""Piggy Bank"",""qty"":220,""cpu"":59000},{""name"":""Waterproof bag"",""qty"":31310,""cpu"":54000},{""name"":""Mug"",""qty"":440,""cpu"":40000},{""name"":""Tumblr"",""qty"":220,""cpu"":73000},{""name"":""Umbrella"",""qty"":220,""cpu"":84000}]",17.963835192864359,102.62963424546932,active,[]
2026-04-20T08:38:23.991Z,2026-04-07,Agency,Thao Kae Noy Buffet,54,24,9100000,23,56800000,568,299,4554000,1594700000,"[{""name"":""Pen"",""qty"":48480,""cpu"":5000},{""name"":""Waterproof bag"",""qty"":24240,""cpu"":54000},{""name"":""Mug"",""qty"":220,""cpu"":40000},{""name"":""Tumblr"",""qty"":220,""cpu"":73000},{""name"":""Umbrella"",""qty"":220,""cpu"":84000}]",17.963872000714929,102.62968460016288,active,[]
2026-04-20T08:42:31.410Z,2026-04-08,Agency,TCR Home center,65,43,18000000,43,148050000,720,385,4554000,3407060000,"[{""name"":""Pen"",""qty"":20200,""cpu"":5000},{""name"":""Waterproof bag"",""qty"":60600,""cpu"":54000},{""name"":""Mug"",""qty"":440,""cpu"":40000},{""name"":""Tumblr"",""qty"":220,""cpu"":73000}]",17.963906826158606,102.62964440235535,active,[]
2026-04-20T08:44:45.510Z,2026-04-09,Agency,Khao Poun Jeo Khing Phonsa-Art,35,18,10200000,33,148172000,512,285,4554000,1918450000,"[{""name"":""Pen"",""qty"":30300,""cpu"":5000},{""name"":""Waterproof bag"",""qty"":32320,""cpu"":54000},{""name"":""Mug"",""qty"":110,""cpu"":40000},{""name"":""Tumblr"",""qty"":110,""cpu"":73000},{""name"":""Umbrella"",""qty"":110,""cpu"":84000}]",17.963889745308951,102.62964177289288,active,[]
2026-04-20T08:47:22.037Z,2026-04-10,Agency,Thatluang night market,37,14,11300000,41,18700000,552,233,4554000,1331420000,"[{""name"":""Pen"",""qty"":39390,""cpu"":5000},{""name"":""Waterproof bag"",""qty"":20200,""cpu"":54000},{""name"":""Mug"",""qty"":660,""cpu"":40000},{""name"":""Tumblr"",""qty"":110,""cpu"":73000},{""name"":""Umbrella"",""qty"":110,""cpu"":84000}]",17.963891004200093,102.62965876518872,active,[]
2026-04-20T08:49:51.799Z,2026-04-11,Agency,Itecc 5th floor,45,32,15500000,50,94700000,598,320,4554000,2566150000,"[{""name"":""Waterproof bag"",""qty"":46460,""cpu"":54000},{""name"":""Mug"",""qty"":770,""cpu"":40000},{""name"":""Tumblr"",""qty"":110,""cpu"":73000},{""name"":""Umbrella"",""qty"":220,""cpu"":84000}]",17.96387592777171,102.62965251562132,active,[]
2026-04-20T08:51:48.127Z,2026-04-12,Agency,Xokthavy Chommany,33,24,9600000,35,21800000,559,277,4554000,2049055000,"[{""name"":""Waterproof bag"",""qty"":37370,""cpu"":54000},{""name"":""Sport Wristbands"",""qty"":550,""cpu"":16500},{""name"":""Mug"",""qty"":550,""cpu"":40000}]",17.963906826113636,102.6296444012869,active,[]
2026-04-20T08:57:56.573Z,2026-04-13,Agency,Xokthavy Donenoun,20,16,7700000,59,32400000,766,388,4554000,3341185000,"[{""name"":""Waterproof bag"",""qty"":61610,""cpu"":54000},{""name"":""Sport Wristbands"",""qty"":330,""cpu"":16500},{""name"":""Mug"",""qty"":220,""cpu"":40000}]",17.963981148832264,102.62965438835212,active,[]
2026-04-20T08:59:57.583Z,2026-04-18,Agency,South bus station,24,18,5250000,47,22300000,488,211,4554000,533280000,"[{""name"":""Sport Wristbands"",""qty"":32320,""cpu"":16500}]",17.963906839806729,102.62964440231391,active,[]
2026-04-20T09:05:20.115Z,2026-04-04,Agency,Folk Market (Parkson),75,21,66100000,34,64100000,656,345,4554000,1025120000,"[{""name"":""Pen"",""qty"":61610,""cpu"":5000},{""name"":""Piggy Bank"",""qty"":110,""cpu"":59000},{""name"":""Waterproof bag"",""qty"":12120,""cpu"":54000},{""name"":""Mug"",""qty"":770,""cpu"":40000},{""name"":""Tumblr"",""qty"":220,""cpu"":73000},{""name"":""Umbrella"",""qty"":110,""cpu"":84000}]",17.963906839806729,102.62964440231391,active,[]
2026-04-20T09:08:14.755Z,2026-04-05,Agency,Folk Market (Parkson),54,15,29600000,43,24800000,515,279,4554000,415890000,"[{""name"":""Pen"",""qty"":57570,""cpu"":5000},{""name"":""Piggy Bank"",""qty"":440,""cpu"":59000},{""name"":""Waterproof bag"",""qty"":880,""cpu"":54000},{""name"":""Mug"",""qty"":330,""cpu"":40000},{""name"":""Tumblr"",""qty"":440,""cpu"":73000},{""name"":""Umbrella"",""qty"":110,""cpu"":84000}]",17.963969703811824,102.62965429853539,active,[]
2026-04-21T01:48:04.805Z,2026-04-20,Agency,Toyota Lao Thani,44,31,7400000,50,62900000,596,310,4554000,861740000,"[{""name"":""Sport Wristbands"",""qty"":50500,""cpu"":16500},{""name"":""Mug"",""qty"":110,""cpu"":40000},{""name"":""Tumblr"",""qty"":330,""cpu"":73000}]",17.963866236024064,102.62965794988419,active,[]
2026-04-21T02:05:29.474Z,2026-04-20,KPV,Wangthong,13,13,2100000,12,193060000,250,35,240000,91040000,"[{""name"":""Pen"",""qty"":15150,""cpu"":5000},{""name"":""Mug"",""qty"":220,""cpu"":40000},{""name"":""Piggy Bank"",""qty"":110,""cpu"":59000}]",0,0,active,"[""ນ ສຸລິສາ ຊາມາລັດ (ກ້ອຍ)"",""ນ ສຸດສະດາ ເເກ້ວວົງເພັດ (ເມ)"",""ນາງ ຈັນດາວອນ ວົງພັກດີ (ຕິງຫນ່ອຍ)""]"
2026-04-24T04:35:17.918Z,2026-04-22,KPV,Wangthong,11,11,97830000,9,261769000,200,25,240000,46860000,"[{""name"":""Pen"",""qty"":770,""cpu"":5000},{""name"":""Mug"",""qty"":220,""cpu"":40000},{""name"":""Lanyard"",""qty"":220,""cpu"":14000},{""name"":""Tumblr"",""qty"":110,""cpu"":73000},{""name"":""Charger"",""qty"":220,""cpu"":105000}]",17.9757,102.6331,active,"[""ນ ສຸດສະດາ ເເກ້ວວົງເພັດ (ເມ)"",""ນາງ ເພັດມະນີ ສົດສະຫວັນ (ເອື້ອຍນີ)"",""ທ້າວ ຕາດຳ ສີສະນົນ (ຕາດຳ) ""]"
2026-04-24T04:43:36.224Z,2026-04-23,KPV,Wangthong,9,9,6000000,10,1111032000,250,27,240000,87350000,"[{""name"":""Pen"",""qty"":10100,""cpu"":5000},{""name"":""Tumblr"",""qty"":110,""cpu"":73000},{""name"":""Charger"",""qty"":220,""cpu"":105000},{""name"":""Phone stand"",""qty"":110,""cpu"":52000}]",17.9757,102.6331,active,"[""ນ ສຸດສະດາ ເເກ້ວວົງເພັດ (ເມ)"",""ນາງ ດາລຸນນີ ພົມມະວົງໄຊ(ເຈວລີ້)"",""ທ້າວ ຕາດຳ ສີສະນົນ (ຕາດຳ) ""]"
2026-04-27T07:04:49.947Z,2026-04-23,Agency,The National Startup Fest,51,37,12674000,36,84222000,725,445,4554000,1001550000,"[{""name"":""Pen"",""qty"":17170,""cpu"":5000},{""name"":""Lanyard"",""qty"":23230,""cpu"":14000},{""name"":""Phone stand"",""qty"":990,""cpu"":52000},{""name"":""Charger"",""qty"":660,""cpu"":105000},{""name"":""Mug"",""qty"":11110,""cpu"":40000},{""name"":""Tumblr"",""qty"":220,""cpu"":73000},{""name"":""Umbrella"",""qty"":110,""cpu"":84000}]",0,0,active,[]
2026-04-27T07:08:28.094Z,2026-04-24,Agency,The National Startup Fest,59,43,23350000,46,64728888,772,495,4554000,2268210000,"[{""name"":""Pen"",""qty"":13130,""cpu"":5000},{""name"":""Lanyard"",""qty"":19190,""cpu"":14000},{""name"":""Phone stand"",""qty"":13130,""cpu"":52000},{""name"":""Charger"",""qty"":11110,""cpu"":105000},{""name"":""Mug"",""qty"":990,""cpu"":40000},{""name"":""Tumblr"",""qty"":330,""cpu"":73000},{""name"":""Gym bag"",""qty"":220,""cpu"":95000}]",0,0,active,[]
2026-04-27T07:28:10.051Z,2026-04-24,KPV,Wangthong,9,9,1100000,12,152090000,200,25,240000,107530000,"[{""name"":""Pen"",""qty"":16160,""cpu"":5000},{""name"":""Piggy Bank"",""qty"":110,""cpu"":59000},{""name"":""Mug"",""qty"":220,""cpu"":40000},{""name"":""Phone stand"",""qty"":220,""cpu"":52000}]",0,0,active,"[""ນ ສຸລິສາ ຊາມາລັດ (ກ້ອຍ)"",""ນ ສຸດສະດາ ເເກ້ວວົງເພັດ (ເມ)"",""ນາງ ເກສອນ ມະໄລທອງ  (ນ້ອຍ)"",""ທ້າວ ຕາດຳ ສີສະນົນ (ຕາດຳ) ""]"
2026-05-04T03:33:02.155Z,2026-04-27,KPV,Taladsao,5,5,51800000,6,105400000,180,15,540000,15730000,"[{""name"":""Pen"",""qty"":660,""cpu"":5000},{""name"":""Tumblr"",""qty"":110,""cpu"":73000},{""name"":""Mug"",""qty"":110,""cpu"":40000}]",17.963439943862507,102.62953948087031,active,"[""ນ ສຸລິສາ ຊາມາລັດ (ກ້ອຍ)"",""ນ ສຸດສະດາ ເເກ້ວວົງເພັດ (ເມ)"",""ນາງ ເກສອນ ມະໄລທອງ  (ນ້ອຍ)""]"
2026-05-04T03:43:29.241Z,2026-04-29,KPV,Taladsao,6,6,22300000,9,161200000,220,20,540000,24970000,"[{""name"":""Pen"",""qty"":880,""cpu"":5000},{""name"":""Charger"",""qty"":110,""cpu"":105000},{""name"":""Mug"",""qty"":110,""cpu"":40000},{""name"":""Lanyard"",""qty"":330,""cpu"":14000}]",17.964258923252547,102.62977728718592,active,"[""ນາງ ສານຝົນ ພົມມະເທດ (ອາເມ)"",""ນ ສຸດສະດາ ເເກ້ວວົງເພັດ (ເມ)"",""ທ້າວ ຕາດຳ ສີສະນົນ (ຕາດຳ) ""]"
2026-05-04T04:09:18.256Z,2026-04-30,KPV,Taladsao,5,5,17300000,9,119264000,220,20,460000,91620000,"[{""name"":""Pen"",""qty"":12120,""cpu"":5000},{""name"":""Charger"",""qty"":110,""cpu"":105000},{""name"":""Phone stand"",""qty"":220,""cpu"":52000},{""name"":""Tumblr"",""qty"":110,""cpu"":73000}]",0,0,active,"[""ນ ສຸດສະດາ ເເກ້ວວົງເພັດ (ເມ)"",""ນາງ ເພັດມະນີ ສົດສະຫວັນ (ເອື້ອຍນີ)""]"
2026-05-04T04:10:19.661Z,2026-04-29,Agency,IB bank,51,44,43476000,61,151372000,980,475,4554000,1614340000,"[{""name"":""Pen"",""qty"":32320,""cpu"":5000},{""name"":""Lanyard"",""qty"":330,""cpu"":14000},{""name"":""Phone stand"",""qty"":770,""cpu"":52000},{""name"":""Charger"",""qty"":11110,""cpu"":105000},{""name"":""Mug"",""qty"":770,""cpu"":40000},{""name"":""Tumblr"",""qty"":440,""cpu"":73000},{""name"":""Keychain"",""qty"":21210,""cpu"":7000},{""name"":""Gym bag"",""qty"":220,""cpu"":95000},{""name"":""Umbrella"",""qty"":110,""cpu"":84000}]",0,0,active,[]
2026-05-04T04:13:32.023Z,2026-04-30,Agency,ITECC,66,59,119100000,56,157588000,995,497,4554000,1217400000,"[{""name"":""Pen"",""qty"":18180,""cpu"":5000},{""name"":""Lanyard"",""qty"":330,""cpu"":14000},{""name"":""Phone stand"",""qty"":12120,""cpu"":52000},{""name"":""Charger"",""qty"":220,""cpu"":105000},{""name"":""Mug"",""qty"":880,""cpu"":40000},{""name"":""Tumblr"",""qty"":660,""cpu"":73000},{""name"":""Keychain"",""qty"":53530,""cpu"":7000},{""name"":""Gym bag"",""qty"":110,""cpu"":95000}]",17.963880712502519,102.62964063584849,active,[]
2026-05-04T04:16:08.881Z,2026-04-25,Agency,Taladsao Bus station,50,30,6400000,42,72000000,532,317,4554000,368080000,"[{""name"":""Pen"",""qty"":26260,""cpu"":5000},{""name"":""Lanyard"",""qty"":12120,""cpu"":14000},{""name"":""Phone stand"",""qty"":550,""cpu"":52000},{""name"":""Mug"",""qty"":330,""cpu"":40000},{""name"":""Tumblr"",""qty"":220,""cpu"":73000},{""name"":""Umbrella"",""qty"":110,""cpu"":84000}]",17.963940618595291,102.62965011558903,active,[]
2026-05-05T03:16:37.123Z,2026-05-04,KPV,Taladsao,10,10,10340000,7,296504000,250,25,540000,0,,17.964251096658248,102.62973877860993,active,"[""ນ ສຸລິສາ ຊາມາລັດ (ກ້ອຍ)"",""ນ ສຸດສະດາ ເເກ້ວວົງເພັດ (ເມ)"",""ນາງ ເກສອນ ມະໄລທອງ  (ນ້ອຍ)""]"
2026-05-07T02:14:06.883Z,2026-05-06,KPV,Taladsao,8,8,9450000,7,352112000,220,20,460000,37620000,"[{""name"":""Pen"",""qty"":880,""cpu"":5000},{""name"":""Phone stand"",""qty"":330,""cpu"":52000},{""name"":""Tumblr"",""qty"":220,""cpu"":73000}]",17.964255861322044,102.62975336003002,active,"[""ນ ສຸດສະດາ ເເກ້ວວົງເພັດ (ເມ)"",""ນາງ ສົມພະໄທ ພົມໂສພາ(ພິ້ງກີ້)""]"
2026-05-08T02:26:28.251Z,2026-05-04,Agency,That Luang Area,69,56,159180000,61,134640000,1095,505,4554000,1445420000,"[{""name"":""Lanyard"",""qty"":16160,""cpu"":14000},{""name"":""Sport Wristbands"",""qty"":16160,""cpu"":16500},{""name"":""Phone stand"",""qty"":990,""cpu"":52000},{""name"":""Charger"",""qty"":440,""cpu"":105000},{""name"":""Mug"",""qty"":10100,""cpu"":40000},{""name"":""Tumblr"",""qty"":660,""cpu"":73000},{""name"":""Keychain"",""qty"":54540,""cpu"":7000},{""name"":""Gym bag"",""qty"":220,""cpu"":95000}]",17.963797066695559,102.62965599757121,active,[]
2026-05-08T02:29:18.805Z,2026-05-05,Agency,APB Bank Head Office,72,67,169850000,74,612900000,1150,575,4554000,3030895000,"[{""name"":""Lanyard"",""qty"":17170,""cpu"":14000},{""name"":""Sport Wristbands"",""qty"":11110,""cpu"":16500},{""name"":""Phone stand"",""qty"":14140,""cpu"":52000},{""name"":""Charger"",""qty"":660,""cpu"":105000},{""name"":""Mug"",""qty"":10100,""cpu"":40000},{""name"":""Tumblr"",""qty"":14140,""cpu"":73000},{""name"":""Keychain"",""qty"":40400,""cpu"":7000},{""name"":""Gym bag"",""qty"":880,""cpu"":95000}]",17.963797066695559,102.62965599757121,active,[]
2026-05-08T02:38:21.530Z,2026-05-07,KPV,Taladsao,5,5,11050000,6,659080000,180,15,460000,37070000,"[{""name"":""Pen"",""qty"":550,""cpu"":5000},{""name"":""Phone stand"",""qty"":220,""cpu"":52000},{""name"":""Tumblr"",""qty"":110,""cpu"":73000},{""name"":""Gym bag"",""qty"":110,""cpu"":95000},{""name"":""Mug"",""qty"":110,""cpu"":40000}]",17.964277386308535,102.62976517016278,active,"[""ນ ສຸດສະດາ ເເກ້ວວົງເພັດ (ເມ)"",""ນາງ ສ້ອຍສຸດາ ພົງສະຫວັດ (ແຕງໂມ)""]"
2026-05-11T03:47:49.050Z,2026-05-06,Agency,That Luang Lake,44,34,104290000,42,317335000,990,479,4554000,1133860000,"[{""name"":""Lanyard"",""qty"":440,""cpu"":14000},{""name"":""Sport Wristbands"",""qty"":20200,""cpu"":16500},{""name"":""Phone stand"",""qty"":11110,""cpu"":52000},{""name"":""Charger"",""qty"":220,""cpu"":105000},{""name"":""Mug"",""qty"":220,""cpu"":40000},{""name"":""Tumblr"",""qty"":110,""cpu"":73000},{""name"":""Keychain"",""qty"":25250,""cpu"":7000}]",17.963893123229411,102.62964764803129,active,[]
2026-05-11T03:51:04.777Z,2026-05-07,Agency,BCEL Dongdok ແຖວພິດຊ່າ,59,51,111400000,58,449080000,998,485,4554000,1524920000,"[{""name"":""Lanyard"",""qty"":770,""cpu"":14000},{""name"":""Sport Wristbands"",""qty"":880,""cpu"":16500},{""name"":""Phone stand"",""qty"":13130,""cpu"":52000},{""name"":""Charger"",""qty"":220,""cpu"":105000},{""name"":""Mug"",""qty"":14140,""cpu"":40000},{""name"":""Tumblr"",""qty"":220,""cpu"":73000},{""name"":""Keychain"",""qty"":30300,""cpu"":7000}]",17.963859577496748,102.6296606516312,active,[]
2026-05-11T03:57:54.232Z,2026-05-08,Agency,BCEL NOUL ຂ້າງມ່ວນໃຈ,64,50,60660000,42,138026000,965,455,4554000,566310000,"[{""name"":""Lanyard"",""qty"":11110,""cpu"":14000},{""name"":""Sport Wristbands"",""qty"":660,""cpu"":16500},{""name"":""Phone stand"",""qty"":770,""cpu"":52000},{""name"":""Mug"",""qty"":440,""cpu"":40000},{""name"":""Tumblr"",""qty"":330,""cpu"":73000},{""name"":""Keychain"",""qty"":45450,""cpu"":7000}]",17.963843061408653,102.62966521634566,active,[]
2026-05-11T04:11:31.504Z,2026-05-09,Agency,Laylai Temple,65,51,70880000,37,134473000,950,412,4554000,910685000,"[{""name"":""Lanyard"",""qty"":550,""cpu"":14000},{""name"":""Sport Wristbands"",""qty"":770,""cpu"":16500},{""name"":""Phone stand"",""qty"":10100,""cpu"":52000},{""name"":""Charger"",""qty"":330,""cpu"":105000},{""name"":""Mug"",""qty"":990,""cpu"":40000},{""name"":""Tumblr"",""qty"":110,""cpu"":73000},{""name"":""Keychain"",""qty"":40400,""cpu"":7000}]",17.963806650438791,102.62967439220637,active,[]
2026-05-11T04:14:56.657Z,2026-05-10,Agency,Siamphone temple,46,33,107060000,39,95577000,820,369,4554000,288545000,"[{""name"":""Lanyard"",""qty"":660,""cpu"":14000},{""name"":""Sport Wristbands"",""qty"":330,""cpu"":16500},{""name"":""Phone stand"",""qty"":660,""cpu"":52000},{""name"":""Charger"",""qty"":110,""cpu"":105000},{""name"":""Mug"",""qty"":550,""cpu"":40000},{""name"":""Tumblr"",""qty"":110,""cpu"":73000},{""name"":""Keychain"",""qty"":28280,""cpu"":7000}]",17.963711824150455,102.62968524453667,active,[]
2026-05-11T05:45:15.859Z,2026-05-08,KPV,Taladsao,7,7,52450000,8,140625000,220,25,460000,29150000,"[{""name"":""Pen"",""qty"":770,""cpu"":5000},{""name"":""Phone stand"",""qty"":110,""cpu"":52000},{""name"":""Tumblr"",""qty"":110,""cpu"":73000},{""name"":""Charger"",""qty"":110,""cpu"":105000}]",17.964272829827738,102.62977221458605,active,"[""ນ ສຸດສະດາ ເເກ້ວວົງເພັດ (ເມ)"",""ນາງ ຈັນດາວອນ ວົງພັກດີ (ຕິງຫນ່ອຍ)""]"
2026-05-12T03:24:07.820Z,2026-05-11,KPV,ITECC,11,11,3150000,5,167175000,180,20,240000,24860000,"[{""name"":""Pen"",""qty"":770,""cpu"":5000},{""name"":""Tumblr"",""qty"":110,""cpu"":73000},{""name"":""Phone stand"",""qty"":220,""cpu"":52000},{""name"":""Lanyard"",""qty"":110,""cpu"":14000}]",0,0,active,"[""ນ ສຸລິສາ ຊາມາລັດ (ກ້ອຍ)"",""ນ ສຸດສະດາ ເເກ້ວວົງເພັດ (ເມ)"",""ນາງ ທິບພະພອນ ທຳມະວົງສາ(ເບບີ)""]"
2026-05-14T05:42:13.832Z,2026-05-13,KPV,ITECC,12,12,3350000,5,135412000,150,18,160000,66340000,"[{""name"":""Pen"",""qty"":10100,""cpu"":5000},{""name"":""Phone stand"",""qty"":220,""cpu"":52000},{""name"":""Mug"",""qty"":110,""cpu"":40000}]",17.96426826611868,102.62974447905869,active,"[""ນ ສຸດສະດາ ເເກ້ວວົງເພັດ (ເມ)"",""ນາງ ເກສອນ ມະໄລທອງ  (ນ້ອຍ)""]"
2026-05-15T02:34:04.475Z,2026-05-14,KPV,ITECC,9,9,2950000,7,133953000,150,23,160000,19470000,"[{""name"":""Pen"",""qty"":990,""cpu"":5000},{""name"":""Phone stand"",""qty"":110,""cpu"":52000},{""name"":""Mug"",""qty"":220,""cpu"":40000}]",17.964254870956317,102.62975513234947,active,"[""ນ ສຸດສະດາ ເເກ້ວວົງເພັດ (ເມ)"",""ນາງ ດາລຸນນີ ພົມມະວົງໄຊ(ເຈວລີ້)""]"
2026-05-15T09:32:53.055Z,2026-05-11,Agency,Phongsupthavy,73,64,127900000,63,369680000,1290,515,4554000,1972705000,"[{""name"":""Lanyard"",""qty"":13130,""cpu"":14000},{""name"":""Sport Wristbands"",""qty"":17170,""cpu"":16500},{""name"":""Phone stand"",""qty"":13130,""cpu"":52000},{""name"":""Charger"",""qty"":220,""cpu"":105000},{""name"":""Mug"",""qty"":12120,""cpu"":40000},{""name"":""Tumblr"",""qty"":440,""cpu"":73000},{""name"":""Keychain"",""qty"":40400,""cpu"":7000}]",0,0,active,[]
2026-05-15T09:37:51.187Z,2026-05-12,Agency,lao airline,86,79,313920000,58,1019076000,1299,552,4554000,2263405000,"[{""name"":""Lanyard"",""qty"":18180,""cpu"":14000},{""name"":""Sport Wristbands"",""qty"":13130,""cpu"":16500},{""name"":""Phone stand"",""qty"":12120,""cpu"":52000},{""name"":""Charger"",""qty"":440,""cpu"":105000},{""name"":""Mug"",""qty"":17170,""cpu"":40000},{""name"":""Tumblr"",""qty"":550,""cpu"":73000},{""name"":""Keychain"",""qty"":55550,""cpu"":7000}]",17.963874370737194,102.62967741370147,active,[]
2026-05-15T09:58:53.051Z,2026-05-14,Agency,Beer Lao,69,60,100915000,67,680231000,1059,499,4554000,2121720000,"[{""name"":""Lanyard"",""qty"":26260,""cpu"":14000},{""name"":""Sport Wristbands"",""qty"":20200,""cpu"":16500},{""name"":""Phone stand"",""qty"":14140,""cpu"":52000},{""name"":""Charger"",""qty"":110,""cpu"":105000},{""name"":""Mug"",""qty"":14140,""cpu"":40000},{""name"":""Tumblr"",""qty"":220,""cpu"":73000},{""name"":""Gym bag"",""qty"":110,""cpu"":95000},{""name"":""Umbrella"",""qty"":110,""cpu"":84000},{""name"":""Tea set"",""qty"":220,""cpu"":330000}]",17.963893565478656,102.62966878297327,active,[]
2026-05-18T03:00:00.532Z,2026-05-15,KPV,ITECC,7,7,290371000,6,151140000,120,20,320000,81170000,"[{""name"":""Pen"",""qty"":12120,""cpu"":5000},{""name"":""Lanyard"",""qty"":330,""cpu"":14000},{""name"":""Mug"",""qty"":110,""cpu"":40000},{""name"":""Charger"",""qty"":110,""cpu"":105000}]",17.964257635423184,102.62975764217298,active,"[""ນ ສຸລິສາ ຊາມາລັດ (ກ້ອຍ)"",""ນ ສຸດສະດາ ເເກ້ວວົງເພັດ (ເມ)"",""ທ້າວ ຕາດຳ ສີສະນົນ (ຕາດຳ) "",""ນາງ ເພັດມະນີ ສົດສະຫວັນ (ເອື້ອຍນີ)""]"
2026-05-18T07:57:16.898Z,2026-05-15,Agency,Sacom Bank,69,57,220167500,53,653209000,995,485,4554000,2112321000,"[{""name"":""Lanyard"",""qty"":28280,""cpu"":14000},{""name"":""Sport Wristbands"",""qty"":19190,""cpu"":16500},{""name"":""Phone stand"",""qty"":12120,""cpu"":52000},{""name"":""Charger"",""qty"":220,""cpu"":105000},{""name"":""Mug"",""qty"":15150,""cpu"":40000},{""name"":""Tumblr"",""qty"":550,""cpu"":73000},{""name"":""Golf Umbrella"",""qty"":110,""cpu"":251600},{""name"":""Tea set"",""qty"":220,""cpu"":330000}]",17.963848772641835,102.62967042244151,active,[]
2026-05-18T08:14:19.790Z,2026-05-16,Agency,SPEAK LIKE TED,42,27,46804000,31,53800000,552,295,4554000,475775000,"[{""name"":""Lanyard"",""qty"":880,""cpu"":14000},{""name"":""Sport Wristbands"",""qty"":550,""cpu"":16500},{""name"":""Phone stand"",""qty"":660,""cpu"":52000},{""name"":""Mug"",""qty"":10100,""cpu"":40000},{""name"":""Tumblr"",""qty"":220,""cpu"":73000}]",17.963870421630936,102.62967186881745,active,[]
2026-05-18T08:35:56.142Z,2026-05-17,Agency,Nongkhamsean temple,78,52,122400000,63,390450000,1199,596,4554000,779497000,"[{""name"":""Lanyard"",""qty"":25250,""cpu"":14000},{""name"":""Sport Wristbands"",""qty"":13130,""cpu"":16500},{""name"":""Phone stand"",""qty"":770,""cpu"":52000},{""name"":""Charger"",""qty"":110,""cpu"":105000},{""name"":""Mug"",""qty"":990,""cpu"":40000},{""name"":""Tumblr"",""qty"":220,""cpu"":73000},{""name"":""Gym bag"",""qty"":110,""cpu"":95000},{""name"":""Golf Umbrella"",""qty"":220,""cpu"":251600},{""name"":""Tea set"",""qty"":110,""cpu"":330000}]",17.963912541427046,102.62965578506491,active,[]
2026-05-19T02:44:51.454Z,2026-05-18,KPV,Wangthong,13,13,2700000,8,183820000,200,27,240000,78880000,"[{""name"":""Pen"",""qty"":10100,""cpu"":5000},{""name"":""Phone stand"",""qty"":110,""cpu"":52000},{""name"":""Tumblr"",""qty"":110,""cpu"":73000},{""name"":""Lanyard"",""qty"":220,""cpu"":14000},{""name"":""Charger"",""qty"":110,""cpu"":105000}]",17.964263086193888,102.62975796539041,active,"[""ນ ສຸລິສາ ຊາມາລັດ (ກ້ອຍ)"",""ນ ສຸດສະດາ ເເກ້ວວົງເພັດ (ເມ)"",""ນາງ ເພັດມະນີ ສົດສະຫວັນ (ເອື້ອຍນີ)""]"
2026-05-21T08:10:31.759Z,2026-05-20,KPV,Wangthong,9,9,29950000,11,353450000,150,25,240000,38170000,"[{""name"":""Pen"",""qty"":660,""cpu"":5000},{""name"":""Phone stand"",""qty"":110,""cpu"":52000},{""name"":""Tumblr"",""qty"":220,""cpu"":73000},{""name"":""Lanyard"",""qty"":110,""cpu"":14000},{""name"":""Charger"",""qty"":110,""cpu"":105000}]",17.964269637960061,102.62979287026918,active,"[""ນ ສຸລິສາ ຊາມາລັດ (ກ້ອຍ)"",""ນ ສຸດສະດາ ເເກ້ວວົງເພັດ (ເມ)"",""ນາງ ສານຝົນ ພົມມະເທດ (ອາເມ)""]"
2026-05-25T04:18:38.507Z,2026-05-21,KPV,Wangthong,12,12,32900000,9,361400000,200,27,240000,109190000,"[{""name"":""Pen"",""qty"":15150,""cpu"":5000},{""name"":""Phone stand"",""qty"":110,""cpu"":52000},{""name"":""Tumblr"",""qty"":110,""cpu"":73000},{""name"":""Lanyard"",""qty"":660,""cpu"":14000},{""name"":""Gym bag"",""qty"":110,""cpu"":95000}]",17.969995999999998,102.597599,active,"[""ນ ສຸລິສາ ຊາມາລັດ (ກ້ອຍ)"",""ນ ສຸດສະດາ ເເກ້ວວົງເພັດ (ເມ)"",""ທ້າວ ຕາດຳ ສີສະນົນ (ຕາດຳ) "",""ນາງ ສ້ອຍສຸດາ ພົງສະຫວັດ (ແຕງໂມ)"",""ນາງ ທິບພະພອນ ທຳມະວົງສາ(ເບບີ)""]"
2026-05-25T04:24:21.518Z,2026-05-22,KPV,Wangthong,12,12,12700000,7,408720000,200,25,240000,77230000,"[{""name"":""Pen"",""qty"":10100,""cpu"":5000},{""name"":""Phone stand"",""qty"":110,""cpu"":52000},{""name"":""Tumblr"",""qty"":110,""cpu"":73000},{""name"":""Piggy Bank"",""qty"":220,""cpu"":59000}]",17.969995999999998,102.597599,active,"[""ນ ສຸລິສາ ຊາມາລັດ (ກ້ອຍ)"",""ນ ສຸດສະດາ ເເກ້ວວົງເພັດ (ເມ)"",""ນາງ ສົມພະໄທ ພົມໂສພາ(ພິ້ງກີ້)""]"
2026-05-25T08:18:01.225Z,2026-05-18,Agency,Pho J lar - Sidumduan,47,27,62800000,40,114100000,634,398,4554000,355945000,"[{""name"":""Lanyard"",""qty"":19190,""cpu"":14000},{""name"":""Sport Wristbands"",""qty"":990,""cpu"":16500},{""name"":""Phone stand"",""qty"":550,""cpu"":52000},{""name"":""Charger"",""qty"":110,""cpu"":105000},{""name"":""Mug"",""qty"":770,""cpu"":40000}]",17.963778946266167,102.62963275172086,active,[]
2026-05-25T08:24:01.710Z,2026-05-21,Agency,Lao-Viet bank,50,44,153422000,45,684358000,855,410,4554000,1573815000,"[{""name"":""Lanyard"",""qty"":28280,""cpu"":14000},{""name"":""Sport Wristbands"",""qty"":17170,""cpu"":16500},{""name"":""Phone stand"",""qty"":880,""cpu"":52000},{""name"":""Charger"",""qty"":330,""cpu"":105000},{""name"":""Mug"",""qty"":17170,""cpu"":40000},{""name"":""Tea set"",""qty"":330,""cpu"":330000},{""name"":""Umbrella"",""qty"":220,""cpu"":84000}]",17.96384125900871,102.62965927925441,active,"[""ນ ສຸລິສາ ຊາມາລັດ (ກ້ອຍ)""]"
2026-05-25T08:26:23.225Z,2026-05-25,Agency,thongthad Temple,63,36,100528000,55,248800000,1012,485,4554000,1018105000,"[{""name"":""Lanyard"",""qty"":10100,""cpu"":14000},{""name"":""Sport Wristbands"",""qty"":15150,""cpu"":16500},{""name"":""Charger"",""qty"":110,""cpu"":105000},{""name"":""Mug"",""qty"":13130,""cpu"":40000},{""name"":""Gym bag"",""qty"":110,""cpu"":98000},{""name"":""Gift set"",""qty"":440,""cpu"":180000}]",17.963836017248784,102.62967309469505,active,"[""ນ ສຸລິສາ ຊາມາລັດ (ກ້ອຍ)""]"
2026-05-26T03:50:18.055Z,2026-05-25,KPV,Taladsao,7,7,13350000,10,275040000,200,25,460000,35090000,"[{""name"":""Pen"",""qty"":880,""cpu"":5000},{""name"":""Phone stand"",""qty"":220,""cpu"":52000},{""name"":""Charger"",""qty"":110,""cpu"":105000},{""name"":""Lanyard"",""qty"":550,""cpu"":14000}]",17.964265333122185,102.62978210081506,active,"[""ທ້າວ ຕາດຳ ສີສະນົນ (ຕາດຳ) "",""ນາງ ທິບພະພອນ ທຳມະວົງສາ(ເບບີ)""]"
2026-05-27T07:07:06.451Z,2026-05-23,Agency,thongthad Temple,63,36,100528000,55,248800000,1012,485,4554000,1018105000,"[{""name"":""Lanyard"",""qty"":10100,""cpu"":14000},{""name"":""Sport Wristbands"",""qty"":15150,""cpu"":16500},{""name"":""Charger"",""qty"":110,""cpu"":105000},{""name"":""Mug"",""qty"":13130,""cpu"":40000},{""name"":""Gym bag"",""qty"":110,""cpu"":98000},{""name"":""Gift set"",""qty"":440,""cpu"":180000}]",17.964021155748593,102.6296619286035,active,[]
2026-05-28T02:56:41.239Z,2026-05-27,KPV,Taladsao,6,6,50730000,8,169529000,150,18,540000,21560000,"[{""name"":""Pen"",""qty"":550,""cpu"":5000},{""name"":""Phone stand"",""qty"":110,""cpu"":52000},{""name"":""Charger"",""qty"":110,""cpu"":105000},{""name"":""Lanyard"",""qty"":110,""cpu"":14000}]",0,0,active,"[""ນ ສຸລິສາ ຊາມາລັດ (ກ້ອຍ)"",""ນ ສຸດສະດາ ເເກ້ວວົງເພັດ (ເມ)"",""ທ້າວ ຕາດຳ ສີສະນົນ (ຕາດຳ) "",""ນາງ ເກສອນ ມະໄລທອງ  (ນ້ອຍ)""]"
2026-05-28T06:55:30.134Z,2026-05-26,Agency,Rising Star ITECC,52,32,145080000,41,339800000,889,413,7304000,694560000,"[{""name"":""Lanyard"",""qty"":15150,""cpu"":14000},{""name"":""Sport Wristbands"",""qty"":12120,""cpu"":16500},{""name"":""Charger"",""qty"":220,""cpu"":105000},{""name"":""Mug"",""qty"":990,""cpu"":40000},{""name"":""Umbrella"",""qty"":220,""cpu"":84000},{""name"":""Tea set"",""qty"":550,""cpu"":330000},{""name"":""Gift set"",""qty"":110,""cpu"":180000}]",0,0,active,[]
2026-05-29T03:04:19.057Z,2026-05-28,KPV,Taladsao,9,9,26450000,11,745250000,200,27,540000,103270000,"[{""name"":""Pen"",""qty"":13130,""cpu"":5000},{""name"":""Phone stand"",""qty"":220,""cpu"":52000},{""name"":""Lanyard"",""qty"":330,""cpu"":14000},{""name"":""Gym bag"",""qty"":220,""cpu"":98000}]",17.964252503608137,102.62973528985347,active,"[""ນ ສຸລິສາ ຊາມາລັດ (ກ້ອຍ)"",""ນ ສຸດສະດາ ເເກ້ວວົງເພັດ (ເມ)"",""ນາງ ດາລຸນນີ ພົມມະວົງໄຊ(ເຈວລີ້)"",""ທ້າວ ຕາດຳ ສີສະນົນ (ຕາດຳ) ""]"
2026-06-01T04:28:03.728Z,2026-05-29,KPV,Taladsao,7,7,7700000,13,39250000,185,23,540000,30800000,"[{""name"":""Pen"",""qty"":880,""cpu"":5000},{""name"":""Phone stand"",""qty"":110,""cpu"":52000},{""name"":""Lanyard"",""qty"":550,""cpu"":14000},{""name"":""Piggy Bank"",""qty"":220,""cpu"":59000}]",17.96426797180176,102.62977637351095,active,"[""ນ ສຸລິສາ ຊາມາລັດ (ກ້ອຍ)"",""ນ ສຸດສະດາ ເເກ້ວວົງເພັດ (ເມ)"",""ນາງ ເພັດມະນີ ສົດສະຫວັນ (ເອື້ອຍນີ)""]"
2026-06-01T08:08:50.104Z,2026-05-25,Agency,foodpanda office,39,24,79700000,36,277040000,855,345,4554000,1190515000,"[{""name"":""Lanyard"",""qty"":12120,""cpu"":14000},{""name"":""Sport Wristbands"",""qty"":13130,""cpu"":16500},{""name"":""Charger"",""qty"":110,""cpu"":105000},{""name"":""Mug"",""qty"":14140,""cpu"":40000},{""name"":""Umbrella"",""qty"":110,""cpu"":84000},{""name"":""Tea set"",""qty"":660,""cpu"":330000}]",17.96393389054677,102.62966866482407,active,[]
2026-06-01T08:12:42.749Z,2026-05-29,Agency,NUOL - 3D Printing Product,65,46,148020000,50,336100000,998,459,4554000,830445000,"[{""name"":""Lanyard"",""qty"":22220,""cpu"":14000},{""name"":""Sport Wristbands"",""qty"":19190,""cpu"":16500},{""name"":""Charger"",""qty"":110,""cpu"":105000},{""name"":""Mug"",""qty"":880,""cpu"":40000},{""name"":""Gym bag"",""qty"":110,""cpu"":98000},{""name"":""Tea set"",""qty"":440,""cpu"":330000}]",17.96393389054677,102.62966866482407,active,[]
2026-06-01T08:20:11.644Z,2026-05-30,Agency,KID Expo,94,81,202453999,63,638904000,1950,579,7304000,1924655000,"[{""name"":""Lanyard"",""qty"":38380,""cpu"":14000},{""name"":""Sport Wristbands"",""qty"":35350,""cpu"":16500},{""name"":""Charger"",""qty"":220,""cpu"":105000},{""name"":""Mug"",""qty"":17170,""cpu"":40000},{""name"":""Gym bag"",""qty"":220,""cpu"":98000},{""name"":""Tea set"",""qty"":220,""cpu"":330000}]",17.96393389054677,102.62966866482407,active,[]
2026-06-01T08:24:59.944Z,2026-05-31,Agency,KID Expo,107,88,216150000,76,635340000,2155,650,7304000,1939275000,"[{""name"":""Lanyard"",""qty"":40400,""cpu"":14000},{""name"":""Sport Wristbands"",""qty"":27270,""cpu"":16500},{""name"":""Charger"",""qty"":220,""cpu"":105000},{""name"":""Mug"",""qty"":20200,""cpu"":40000},{""name"":""Gym bag"",""qty"":110,""cpu"":98000},{""name"":""Umbrella"",""qty"":110,""cpu"":84000},{""name"":""Tea set"",""qty"":220,""cpu"":330000}]",17.96393389054677,102.62966866482407,active,[]
2026-06-02T04:22:13.348Z,2026-06-01,KPV,ITECC,11,11,4250000,8,126365000,150,20,240000,78880000,"[{""name"":""Phone stand"",""qty"":110,""cpu"":52000},{""name"":""Tumblr"",""qty"":110,""cpu"":73000},{""name"":""Lanyard"",""qty"":220,""cpu"":14000},{""name"":""Charger"",""qty"":110,""cpu"":105000},{""name"":""Pen"",""qty"":10100,""cpu"":5000}]",17.964254940016311,102.62974257729662,active,"[""ນ ສຸລິສາ ຊາມາລັດ (ກ້ອຍ)"",""ນ ສຸດສະດາ ເເກ້ວວົງເພັດ (ເມ)"",""ນາງ ສ້ອຍສຸດາ ພົງສະຫວັດ (ແຕງໂມ)""]"
2026-06-03T03:14:18.688Z,2026-06-01,Agency,KID Expo,109,84,331240000,93,674844000,3050,780,7304000,1941320000,"[{""name"":""Lanyard"",""qty"":30300,""cpu"":14000},{""name"":""Sport Wristbands"",""qty"":30300,""cpu"":16500},{""name"":""Charger"",""qty"":330,""cpu"":105000},{""name"":""Mug"",""qty"":22220,""cpu"":40000},{""name"":""Tea set"",""qty"":220,""cpu"":330000},{""name"":""Paper bag"",""qty"":220,""cpu"":12000},{""name"":""Umbrella"",""qty"":220,""cpu"":84000}]",17.963959627775008,102.62968449983816,active,[]
2026-06-04T02:46:57.736Z,2026-06-03,KPV,ITECC,11,11,148660000,14,278847000,150,27,240000,44660000,"[{""name"":""Pen"",""qty"":660,""cpu"":5000},{""name"":""Phone stand"",""qty"":220,""cpu"":52000},{""name"":""Tumblr"",""qty"":110,""cpu"":73000},{""name"":""Lanyard"",""qty"":330,""cpu"":14000},{""name"":""Piggy Bank"",""qty"":110,""cpu"":59000},{""name"":""Gym bag"",""qty"":110,""cpu"":98000}]",17.964251032081805,102.62972258133634,active,"[""ນ ສຸລິສາ ຊາມາລັດ (ກ້ອຍ)"",""ນ ສຸດສະດາ ເເກ້ວວົງເພັດ (ເມ)"",""ນາງ ຈັນດາວອນ ວົງພັກດີ (ຕິງຫນ່ອຍ)""]"
2026-06-08T02:30:42.702Z,2026-06-04,KPV,ITECC,13,13,2250000,10,366998000,175,30,240000,102070000,"[{""name"":""Pen"",""qty"":12120,""cpu"":5000},{""name"":""Phone stand"",""qty"":220,""cpu"":52000},{""name"":""Lanyard"",""qty"":550,""cpu"":14000},{""name"":""Gym bag"",""qty"":110,""cpu"":98000},{""name"":""Charger"",""qty"":110,""cpu"":105000}]",17.964250715749586,102.62973819715747,active,"[""ນ ສຸລິສາ ຊາມາລັດ (ກ້ອຍ)"",""ນ ສຸດສະດາ ເເກ້ວວົງເພັດ (ເມ)"",""ນາງ ເກສອນ ມະໄລທອງ  (ນ້ອຍ)""]"
2026-06-08T04:46:35.957Z,2026-06-05,KPV,ITECC,10,10,2000000,12,219386000,180,30,160000,89320000,"[{""name"":""Pen"",""qty"":11110,""cpu"":5000},{""name"":""Phone stand"",""qty"":220,""cpu"":52000},{""name"":""Lanyard"",""qty"":660,""cpu"":14000},{""name"":""Gym bag"",""qty"":110,""cpu"":98000},{""name"":""Keychain"",""qty"":330,""cpu"":7000}]",17.964254492277831,102.62978953511006,active,"[""ນ ສຸລິສາ ຊາມາລັດ (ກ້ອຍ)"",""ນ ສຸດສະດາ ເເກ້ວວົງເພັດ (ເມ)"",""ທ້າວ ຕາດຳ ສີສະນົນ (ຕາດຳ) "",""ນາງ ສຸລິນຕະ ທຳມະວົງ(ຕະ)""]"
2026-06-08T06:31:31.801Z,2026-06-03,Agency,Xaythany Economic Group,49,37,129300000,35,343400000,750,280,4554000,276150000,"[{""name"":""Lanyard"",""qty"":770,""cpu"":14000},{""name"":""Sport Wristbands"",""qty"":660,""cpu"":16500},{""name"":""Phone stand"",""qty"":220,""cpu"":52000},{""name"":""Charger"",""qty"":110,""cpu"":105000},{""name"":""Mug"",""qty"":550,""cpu"":40000},{""name"":""Tumblr"",""qty"":110,""cpu"":73000},{""name"":""Piggy Bank"",""qty"":110,""cpu"":59000},{""name"":""Keychain"",""qty"":20200,""cpu"":7000},{""name"":""Tumblr"",""qty"":110,""cpu"":73000},{""name"":""Umbrella"",""qty"":110,""cpu"":84000},{""name"":""Tea set"",""qty"":110,""cpu"":330000}]",17.96400763009725,102.62966200339903,active,[]
2026-06-08T06:34:43.721Z,2026-06-04,Agency,Hadsayfong District Office,70,52,474032500,57,679350000,944,395,4554000,659175000,"[{""name"":""Lanyard"",""qty"":12120,""cpu"":14000},{""name"":""Sport Wristbands"",""qty"":990,""cpu"":16500},{""name"":""Phone stand"",""qty"":110,""cpu"":52000},{""name"":""Cap"",""qty"":110,""cpu"":55000},{""name"":""Charger"",""qty"":220,""cpu"":105000},{""name"":""Mug"",""qty"":660,""cpu"":40000},{""name"":""Tumblr"",""qty"":110,""cpu"":73000},{""name"":""Piggy Bank"",""qty"":330,""cpu"":59000},{""name"":""Keychain"",""qty"":31310,""cpu"":7000},{""name"":""Umbrella"",""qty"":110,""cpu"":84000},{""name"":""Tea set"",""qty"":440,""cpu"":330000},{""name"":""Gym bag"",""qty"":110,""cpu"":98000}]",17.96400763009725,102.62966200339903,active,[]
2026-06-08T06:38:05.804Z,2026-06-05,Agency,Nongniew market,67,52,108230000,52,532535334,1560,496,4554000,571540000,"[{""name"":""Lanyard"",""qty"":13130,""cpu"":14000},{""name"":""Phone stand"",""qty"":110,""cpu"":52000},{""name"":""Cap"",""qty"":220,""cpu"":55000},{""name"":""Mug"",""qty"":770,""cpu"":40000},{""name"":""Piggy Bank"",""qty"":330,""cpu"":59000},{""name"":""Keychain"",""qty"":32320,""cpu"":7000},{""name"":""Umbrella"",""qty"":110,""cpu"":84000},{""name"":""Tea set"",""qty"":220,""cpu"":330000},{""name"":""Charger"",""qty"":110,""cpu"":105000}]",17.963913841220965,102.62968253667106,active,[]
2026-06-08T06:40:40.771Z,2026-06-06,Agency,Khao Poun Jeo Khing Ban Horm,76,55,93090000,55,510780000,1090,486,4554000,595980000,"[{""name"":""Lanyard"",""qty"":14140,""cpu"":14000},{""name"":""Phone stand"",""qty"":330,""cpu"":52000},{""name"":""Cap"",""qty"":110,""cpu"":55000},{""name"":""Mug"",""qty"":990,""cpu"":40000},{""name"":""Piggy Bank"",""qty"":330,""cpu"":59000},{""name"":""Keychain"",""qty"":38380,""cpu"":7000},{""name"":""Gym bag"",""qty"":110,""cpu"":98000},{""name"":""Tea set"",""qty"":110,""cpu"":330000}]",17.963913841220965,102.62968253667106,active,[]
2026-06-09T07:32:28.712Z,2026-06-08,KPV,Wangthong,13,13,12750000,18,200504000,250,37,240000,44660000,"[{""name"":""Pen"",""qty"":660,""cpu"":5000},{""name"":""Phone stand"",""qty"":220,""cpu"":52000},{""name"":""Tumblr"",""qty"":110,""cpu"":73000},{""name"":""Lanyard"",""qty"":330,""cpu"":14000},{""name"":""Piggy Bank"",""qty"":110,""cpu"":59000},{""name"":""Gym bag"",""qty"":110,""cpu"":98000}]",17.964252447762657,102.62971857769507,active,"[""ນ ສຸລິສາ ຊາມາລັດ (ກ້ອຍ)"",""ນ ສຸດສະດາ ເເກ້ວວົງເພັດ (ເມ)"",""ນາງ ເພັດມະນີ ສົດສະຫວັນ (ເອື້ອຍນີ)""]"
2026-06-11T04:17:44.103Z,2026-06-10,KPV,Wangthong,12,12,10450000,15,365583000,320,40,240000,145210000,"[{""name"":""Pen"",""qty"":21210,""cpu"":5000},{""name"":""Phone stand"",""qty"":110,""cpu"":52000},{""name"":""Lanyard"",""qty"":110,""cpu"":14000},{""name"":""Charger"",""qty"":220,""cpu"":105000},{""name"":""Mug"",""qty"":220,""cpu"":40000}]",17.964250851357733,102.62971848689493,active,"[""ນ ສຸລິສາ ຊາມາລັດ (ກ້ອຍ)"",""ນ ສຸດສະດາ ເເກ້ວວົງເພັດ (ເມ)"",""ນາງ ສານຝົນ ພົມມະເທດ (ອາເມ)""]"
2026-06-12T07:09:38.338Z,2026-06-11,KPV,Wangthong,12,12,4200000,14,325991000,300,37,240000,112790000,"[{""name"":""Pen"",""qty"":18180,""cpu"":5000},{""name"":""Lanyard"",""qty"":110,""cpu"":14000},{""name"":""Charger"",""qty"":110,""cpu"":105000},{""name"":""Mug"",""qty"":220,""cpu"":40000}]",17.964233578140913,102.62975635522508,active,"[""ນ ສຸລິສາ ຊາມາລັດ (ກ້ອຍ)"",""ນ ສຸດສະດາ ເເກ້ວວົງເພັດ (ເມ)"",""ນາງ ສ້ອຍສຸດາ ພົງສະຫວັດ (ແຕງໂມ)"",""ທ້າວ ຕາດຳ ສີສະນົນ (ຕາດຳ) ""]"
2026-06-12T09:10:05.187Z,2026-06-08,Agency,Chanthabouly District Office,52,43,534820000,40,858560000,744,374,4554000,363650000,"[{""name"":""Phone stand"",""qty"":660,""cpu"":52000},{""name"":""Cap"",""qty"":110,""cpu"":55000},{""name"":""Charger"",""qty"":220,""cpu"":105000},{""name"":""Mug"",""qty"":660,""cpu"":40000},{""name"":""Piggy Bank"",""qty"":330,""cpu"":59000},{""name"":""Keychain"",""qty"":29290,""cpu"":7000},{""name"":""Gym bag"",""qty"":220,""cpu"":98000},{""name"":""Umbrella"",""qty"":330,""cpu"":84000}]",17.963946706415371,102.62967798589058,active,[]
2026-06-12T09:12:15.666Z,2026-06-09,Agency,ອຄ Moic,51,33,83980000,36,417250000,846,388,4554000,392330000,"[{""name"":""Lanyard"",""qty"":110,""cpu"":14000},{""name"":""Phone stand"",""qty"":330,""cpu"":52000},{""name"":""Mug"",""qty"":330,""cpu"":40000},{""name"":""Piggy Bank"",""qty"":110,""cpu"":59000},{""name"":""Keychain"",""qty"":28280,""cpu"":7000},{""name"":""Gym bag"",""qty"":110,""cpu"":98000},{""name"":""Tea set"",""qty"":440,""cpu"":330000}]",17.963946706415371,102.62967798589058,active,[]
2026-06-12T09:14:26.402Z,2026-06-10,Agency,Xangtey market,67,45,75920000,33,349149000,1680,549,4554000,574010000,"[{""name"":""Lanyard"",""qty"":15150,""cpu"":14000},{""name"":""Phone stand"",""qty"":550,""cpu"":52000},{""name"":""Charger"",""qty"":110,""cpu"":105000},{""name"":""Tumblr"",""qty"":220,""cpu"":73000},{""name"":""Piggy Bank"",""qty"":220,""cpu"":59000},{""name"":""Keychain"",""qty"":26260,""cpu"":7000},{""name"":""Tea set"",""qty"":330,""cpu"":330000}]",17.963946706415371,102.62967798589058,active,[]
2026-06-12T09:18:13.610Z,2026-06-11,Agency,Thatluang park,66,47,250500000,45,1033570000,1206,510,4554000,478440000,"[{""name"":""Lanyard"",""qty"":10100,""cpu"":14000},{""name"":""Phone stand"",""qty"":660,""cpu"":52000},{""name"":""Charger"",""qty"":220,""cpu"":105000},{""name"":""Keychain"",""qty"":33330,""cpu"":7000},{""name"":""Tumblr"",""qty"":110,""cpu"":73000},{""name"":""Umbrella"",""qty"":220,""cpu"":84000},{""name"":""Gift set"",""qty"":110,""cpu"":180000}]",17.963946706415371,102.62967798589058,active,[]
2026-06-15T06:25:33.448Z,2026-06-12,KPV,Wangthong,11,11,2150000,15,346350000,280,35,160000,102260000,"[{""name"":""Pen"",""qty"":15150,""cpu"":5000},{""name"":""Lanyard"",""qty"":440,""cpu"":14000},{""name"":""Charger"",""qty"":110,""cpu"":105000},{""name"":""Mug"",""qty"":220,""cpu"":40000}]",17.964251904194668,102.62973108368968,active,"[""ນ ສຸດສະດາ ເເກ້ວວົງເພັດ (ເມ)"",""ນາງ ສົມພະໄທ ພົມໂສພາ(ພິ້ງກີ້)"",""ທ້າວ ຕາດຳ ສີສະນົນ (ຕາດຳ) "",""ນາງ ທິບພະພອນ ທຳມະວົງສາ(ເບບີ)""]"
2026-06-15T06:45:11.795Z,2026-06-12,Agency,Saysettha District,83,54,310070000,46,972890000,775,420,4554000,700870000,"[{""name"":""Lanyard"",""qty"":10100,""cpu"":14000},{""name"":""Phone stand"",""qty"":440,""cpu"":52000},{""name"":""Charger"",""qty"":220,""cpu"":105000},{""name"":""Keychain"",""qty"":16160,""cpu"":7000},{""name"":""Pen"",""qty"":25250,""cpu"":5000},{""name"":""Gym bag"",""qty"":110,""cpu"":98000},{""name"":""Umbrella"",""qty"":110,""cpu"":84000},{""name"":""Tea set"",""qty"":770,""cpu"":330000}]",0,0,active,[]
2026-06-15T06:52:07.893Z,2026-06-14,Agency,D-mart dongpalan,47,37,130040000,40,257900000,686,356,4554000,389400000,"[{""name"":""Lanyard"",""qty"":10100,""cpu"":14000},{""name"":""Phone stand"",""qty"":330,""cpu"":52000},{""name"":""Keychain"",""qty"":13130,""cpu"":7000},{""name"":""Pen"",""qty"":11110,""cpu"":5000},{""name"":""Gym bag"",""qty"":110,""cpu"":98000},{""name"":""Tea set"",""qty"":220,""cpu"":330000}]",0,0,active,[]
2026-06-18T06:26:46.166Z,2026-06-15,KPV,Taladsao,7,7,1150000,8,256721000,180,20,460000,110250000,"[{""name"":""Keychain"",""qty"":12120,""cpu"":7000},{""name"":""Lanyard"",""qty"":220,""cpu"":14000},{""name"":""Charger"",""qty"":110,""cpu"":105000},{""name"":""Gym bag"",""qty"":110,""cpu"":98000}]",0,0,active,"[""ນ ສຸດສະດາ ເເກ້ວວົງເພັດ (ເມ)"",""ນາງ ທິບພະພອນ ທຳມະວົງສາ(ເບບີ)""]"
2026-06-18T06:40:30.590Z,2026-06-17,KPV,Taladsao,10,10,1500000,11,524000000,200,25,460000,34210000,"[{""name"":""Keychain"",""qty"":770,""cpu"":7000},{""name"":""Lanyard"",""qty"":660,""cpu"":14000},{""name"":""Mug"",""qty"":220,""cpu"":40000},{""name"":""Gym bag"",""qty"":110,""cpu"":98000}]",17.963919183704917,102.62969119927926,active,"[""ນ ສຸດສະດາ ເເກ້ວວົງເພັດ (ເມ)"",""ທ້າວ ຕາດຳ ສີສະນົນ (ຕາດຳ) ""]"
2026-06-22T01:26:14.452Z,2026-06-18,KPV,Taladsao,6,6,1400000,10,145821667,150,20,460000,79720000,"[{""name"":""Pen"",""qty"":14140,""cpu"":5000},{""name"":""Lanyard"",""qty"":330,""cpu"":14000},{""name"":""Mug"",""qty"":110,""cpu"":40000}]",17.964266782816139,102.62976594544416,active,"[""ນ ສຸລິສາ ຊາມາລັດ (ກ້ອຍ)"",""ນ ສຸດສະດາ ເເກ້ວວົງເພັດ (ເມ)"",""ນາງ ດາລຸນນີ ພົມມະວົງໄຊ(ເຈວລີ້)""]"
2026-06-22T01:45:19.768Z,2026-06-19,KPV,Taladsao,9,9,11650000,12,362304000,180,25,540000,222160000,"[{""name"":""Pen"",""qty"":990,""cpu"":5000},{""name"":""Lanyard"",""qty"":14140,""cpu"":14000},{""name"":""Mug"",""qty"":220,""cpu"":40000},{""name"":""Gym bag"",""qty"":110,""cpu"":95000}]",17.964261756708858,102.62976099582278,active,"[""ນ ສຸລິສາ ຊາມາລັດ (ກ້ອຍ)"",""ນ ສຸດສະດາ ເເກ້ວວົງເພັດ (ເມ)"",""ນາງ ສ້ອຍສຸດາ ພົງສະຫວັດ (ແຕງໂມ)""]"
2026-06-22T07:30:14.671Z,2026-06-15,Agency,Khao poun jeo khing Phaivanh,63,42,63050000,47,340430000,653,312,4554000,251530000,"[{""name"":""Lanyard"",""qty"":440,""cpu"":14000},{""name"":""Phone stand"",""qty"":330,""cpu"":52000},{""name"":""Charger"",""qty"":110,""cpu"":105000},{""name"":""Keychain"",""qty"":330,""cpu"":7000},{""name"":""Pen"",""qty"":26260,""cpu"":5000},{""name"":""Gym bag"",""qty"":110,""cpu"":95000},{""name"":""Tea set"",""qty"":220,""cpu"":330000}]",17.963912189526567,102.62966181256564,active,[]
2026-06-22T07:32:22.130Z,2026-06-16,Agency,Ministry Of Industry and Commerce,55,39,188610000,43,477500000,772,442,4554000,399800000,"[{""name"":""Lanyard"",""qty"":110,""cpu"":14000},{""name"":""Phone stand"",""qty"":880,""cpu"":52000},{""name"":""Charger"",""qty"":330,""cpu"":105000},{""name"":""Pen"",""qty"":27270,""cpu"":5000},{""name"":""Tea set"",""qty"":550,""cpu"":330000}]",17.963912189526567,102.62966181256564,active,[]
2026-06-22T07:34:23.644Z,2026-06-17,Agency,ST Bank,72,54,544702000,64,873670000,1105,565,4554000,4530510000,"[{""name"":""Lanyard"",""qty"":33330,""cpu"":14000},{""name"":""Phone stand"",""qty"":12120,""cpu"":52000},{""name"":""Charger"",""qty"":660,""cpu"":105000},{""name"":""Gym bag"",""qty"":330,""cpu"":95000},{""name"":""Tea set"",""qty"":10100,""cpu"":330000}]",17.963912189526567,102.62966181256564,active,[]
2026-06-22T07:36:29.382Z,2026-06-18,Agency,Khao poun jeo khing J Oud,49,32,55100000,45,210900000,635,309,4554000,497750000,"[{""name"":""Lanyard"",""qty"":21210,""cpu"":14000},{""name"":""Keychain"",""qty"":13130,""cpu"":7000},{""name"":""Tea set"",""qty"":330,""cpu"":330000}]",17.963912189526567,102.62966181256564,active,[]
2026-06-22T07:38:33.449Z,2026-06-19,Agency,Dansavanh Resort,82,61,293350000,44,418230000,878,469,4554000,858700000,"[{""name"":""Lanyard"",""qty"":35350,""cpu"":14000},{""name"":""Keychain"",""qty"":23230,""cpu"":7000},{""name"":""Umbrella"",""qty"":110,""cpu"":84000},{""name"":""Gym bag"",""qty"":110,""cpu"":95000},{""name"":""Tea set"",""qty"":550,""cpu"":330000}]",17.963912189526567,102.62966181256564,active,[]
2026-06-22T07:40:12.796Z,2026-06-20,Agency,tham pha temple,74,63,63510000,49,233800000,899,492,4554000,785830000,"[{""name"":""Lanyard"",""qty"":28280,""cpu"":14000},{""name"":""Keychain"",""qty"":28280,""cpu"":7000},{""name"":""Gym bag"",""qty"":110,""cpu"":95000},{""name"":""Tea set"",""qty"":550,""cpu"":330000}]",17.963912189526567,102.62966181256564,active,[]
2026-06-24T01:49:56.383Z,2026-06-22,KPV,ITECC,14,14,2900000,15,349310000,150,35,160000,302980000,"[{""name"":""Phone stand"",""qty"":660,""cpu"":52000},{""name"":""Lanyard"",""qty"":14140,""cpu"":14000},{""name"":""Keychain"",""qty"":10100,""cpu"":7000}]",17.977136999999999,102.587791,active,"[""ນ ສຸລິສາ ຊາມາລັດ (ກ້ອຍ)"",""ນ ສຸດສະດາ ເເກ້ວວົງເພັດ (ເມ)"",""ທ້າວ ຕາດຳ ສີສະນົນ (ຕາດຳ) ""]"
2026-06-26T02:24:48.321Z,2026-06-24,Agency,HAL office,67,55,94090000,52,362400000,716,403,4554000,782760000,"[{""name"":""Lanyard"",""qty"":25250,""cpu"":14000},{""name"":""Phone stand"",""qty"":110,""cpu"":52000},{""name"":""Keychain"",""qty"":27270,""cpu"":7000},{""name"":""Tote bag"",""qty"":660,""cpu"":40000},{""name"":""Pride bag"",""qty"":330,""cpu"":75000},{""name"":""Tea set"",""qty"":550,""cpu"":330000}]",0,0,active,[]
2026-06-26T02:37:51.728Z,2026-06-25,Agency,Maruhan bank,55,48,183725000,38,976520000,890,430,4554000,2077820000,"[{""name"":""Lanyard"",""qty"":990,""cpu"":14000},{""name"":""Phone stand"",""qty"":220,""cpu"":52000},{""name"":""Charger"",""qty"":110,""cpu"":105000},{""name"":""Mug"",""qty"":10100,""cpu"":40000},{""name"":""Keychain"",""qty"":27270,""cpu"":7000},{""name"":""Gym bag"",""qty"":220,""cpu"":95000},{""name"":""Umbrella"",""qty"":220,""cpu"":84000},{""name"":""Tote bag"",""qty"":330,""cpu"":40000},{""name"":""Pride bag"",""qty"":16160,""cpu"":75000},{""name"":""Tea set"",""qty"":550,""cpu"":330000}]",0,0,active,[]
2026-06-26T02:45:10.464Z,2026-06-24,KPV,ITECC,13,13,2950000,10,307030000,150,30,160000,33770000,"[{""name"":""Phone stand"",""qty"":220,""cpu"":52000},{""name"":""Lanyard"",""qty"":770,""cpu"":14000},{""name"":""Charger"",""qty"":110,""cpu"":105000}]",17.964273690006831,102.62976844439248,active,"[""ທ້າວ ຕາດຳ ສີສະນົນ (ຕາດຳ) "",""ນາງ ສານຝົນ ພົມມະເທດ (ອາເມ)""]"
2026-06-26T02:49:20.861Z,2026-06-25,KPV,ITECC,14,14,15425000,12,290221000,180,35,240000,27170000,"[{""name"":""Pen"",""qty"":440,""cpu"":5000},{""name"":""Phone stand"",""qty"":110,""cpu"":52000},{""name"":""Lanyard"",""qty"":550,""cpu"":14000},{""name"":""Charger"",""qty"":110,""cpu"":105000}]",17.964270300969325,102.62976131944728,active,"[""ນ ສຸລິສາ ຊາມາລັດ (ກ້ອຍ)"",""ນ ສຸດສະດາ ເເກ້ວວົງເພັດ (ເມ)"",""ນາງ ເພັດມະນີ ສົດສະຫວັນ (ເອື້ອຍນີ)"",""ທ້າວ ຕາດຳ ສີສະນົນ (ຕາດຳ) ""]"
2026-06-29T02:05:47.923Z,2026-06-26,KPV,ITECC,12,12,3200000,16,295460000,180,35,240000,31570000,"[{""name"":""Pen"",""qty"":550,""cpu"":5000},{""name"":""Phone stand"",""qty"":110,""cpu"":52000},{""name"":""Charger"",""qty"":220,""cpu"":105000}]",17.964273722327306,102.6297674468258,active,"[""ນ ສຸລິສາ ຊາມາລັດ (ກ້ອຍ)"",""ນ ສຸດສະດາ ເເກ້ວວົງເພັດ (ເມ)"",""ນາງ ຈັນດາວອນ ວົງພັກດີ (ຕິງຫນ່ອຍ)""]"
2026-06-30T02:32:16.066Z,2026-06-29,KPV,Wangthong,14,14,3000000,15,441401000,180,37,240000,55110000,"[{""name"":""Pen"",""qty"":880,""cpu"":5000},{""name"":""Phone stand"",""qty"":220,""cpu"":52000},{""name"":""Charger"",""qty"":330,""cpu"":105000},{""name"":""Lanyard"",""qty"":330,""cpu"":14000}]",17.964272593153488,102.62977210120242,active,"[""ທ້າວ ຕາດຳ ສີສະນົນ (ຕາດຳ) "",""ນ ສຸລິສາ ຊາມາລັດ (ກ້ອຍ)"",""ນ ສຸດສະດາ ເເກ້ວວົງເພັດ (ເມ)""]"
2026-07-02T06:56:04.437Z,2026-07-01,KPV,Wangthong,12,12,3900000,14,450477000,200,30,160000,91200000,"[{""name"":""Pen"",""qty"":10100,""cpu"":5000},{""name"":""Phone stand"",""qty"":220,""cpu"":52000},{""name"":""Charger"",""qty"":220,""cpu"":105000},{""name"":""Lanyard"",""qty"":440,""cpu"":14000}]",17.96427626011285,102.62977359668594,active,"[""ນ ສຸລິສາ ຊາມາລັດ (ກ້ອຍ)"",""ນ ສຸດສະດາ ເເກ້ວວົງເພັດ (ເມ)""]"
2026-07-03T09:25:22.581Z,2026-07-02,KPV,Wangthong,11,11,4590000,14,402875000,150,28,160000,30140000,"[{""name"":""Pen"",""qty"":770,""cpu"":5000},{""name"":""Phone stand"",""qty"":110,""cpu"":52000},{""name"":""Charger"",""qty"":110,""cpu"":105000},{""name"":""Lanyard"",""qty"":330,""cpu"":14000},{""name"":""Mug"",""qty"":110,""cpu"":40000}]",17.964271379852981,102.6297554498129,active,"[""ນ ສຸລິສາ ຊາມາລັດ (ກ້ອຍ)"",""ນ ສຸດສະດາ ເເກ້ວວົງເພັດ (ເມ)"",""ນາງ ເກສອນ ມະໄລທອງ  (ນ້ອຍ)"",""ທ້າວ ຕາດຳ ສີສະນົນ (ຕາດຳ) "",""ນາງ ສານຝົນ ພົມມະເທດ (ອາເມ)""]"
2026-07-06T03:29:56.148Z,2026-07-03,KPV,Wangthong,9,9,2250000,12,302377000,150,25,160000,24860000,"[{""name"":""Pen"",""qty"":440,""cpu"":5000},{""name"":""Phone stand"",""qty"":110,""cpu"":52000},{""name"":""Charger"",""qty"":110,""cpu"":105000},{""name"":""Lanyard"",""qty"":330,""cpu"":14000},{""name"":""Keychain"",""qty"":110,""cpu"":7000}]",17.96427365808476,102.62977283294002,active,"[""ນ ສຸລິສາ ຊາມາລັດ (ກ້ອຍ)"",""ນ ສຸດສະດາ ເເກ້ວວົງເພັດ (ເມ)""]"
2026-07-07T02:32:47.335Z,2026-07-06,KPV,Taladsao,8,8,2400000,13,300700000,150,25,540000,30140000,"[{""name"":""Pen"",""qty"":770,""cpu"":5000},{""name"":""Phone stand"",""qty"":110,""cpu"":52000},{""name"":""Charger"",""qty"":110,""cpu"":105000},{""name"":""Lanyard"",""qty"":330,""cpu"":14000},{""name"":""Mug"",""qty"":110,""cpu"":40000}]",17.964272925511704,102.62976882441907,active,"[""ນ ສຸລິສາ ຊາມາລັດ (ກ້ອຍ)"",""ນ ສຸດສະດາ ເເກ້ວວົງເພັດ (ເມ)"",""ນາງ ດາລຸນນີ ພົມມະວົງໄຊ(ເຈວລີ້)""]"
2026-07-08T06:56:54.686Z,2026-07-02,Agency,Big C ITECC,55,41,16967000,34,167180000,702,320,4554000,530310000,"[{""name"":""Lanyard"",""qty"":16160,""cpu"":14000},{""name"":""Phone stand"",""qty"":110,""cpu"":52000},{""name"":""Mug"",""qty"":440,""cpu"":40000},{""name"":""Tumblr"",""qty"":880,""cpu"":73000},{""name"":""Keychain"",""qty"":23230,""cpu"":7000},{""name"":""Tote bag"",""qty"":440,""cpu"":40000},{""name"":""Tea set"",""qty"":110,""cpu"":330000}]",17.96397632949801,102.62966794706827,active,[]
2026-07-08T09:36:35.094Z,2026-07-03,Agency,Easy Gold ທ່າງອນ,105,71,364710000,47,860470000,1560,650,4554000,677170000,"[{""name"":""Lanyard"",""qty"":990,""cpu"":14000},{""name"":""Phone stand"",""qty"":880,""cpu"":52000},{""name"":""Mug"",""qty"":440,""cpu"":40000},{""name"":""Tumblr"",""qty"":660,""cpu"":73000},{""name"":""Keychain"",""qty"":37370,""cpu"":7000},{""name"":""Tote bag"",""qty"":440,""cpu"":40000},{""name"":""Umbrella"",""qty"":220,""cpu"":84000},{""name"":""Tea set"",""qty"":770,""cpu"":330000}]",18.130147999999998,102.627213,active,[]
2026-07-08T09:41:29.508Z,2026-07-06,Agency,MG Laos,59,41,126750000,28,247120000,734,435,4554000,422890000,"[{""name"":""Lanyard"",""qty"":21210,""cpu"":14000},{""name"":""Phone stand"",""qty"":550,""cpu"":52000},{""name"":""Charger"",""qty"":110,""cpu"":105000},{""name"":""Mug"",""qty"":220,""cpu"":40000},{""name"":""Tote bag"",""qty"":110,""cpu"":40000},{""name"":""Tea set"",""qty"":220,""cpu"":330000}]",17.975466000000001,102.545631,active,[]
2026-07-08T09:45:11.023Z,2026-07-07,Agency,BCEL Head Office,77,53,64400000,49,333591000,1049,460,4554000,481220000,"[{""name"":""Lanyard"",""qty"":27270,""cpu"":14000},{""name"":""Sport Wristbands"",""qty"":660,""cpu"":16500},{""name"":""Phone stand"",""qty"":550,""cpu"":52000},{""name"":""Charger"",""qty"":220,""cpu"":105000},{""name"":""Mug"",""qty"":440,""cpu"":40000},{""name"":""Gym bag"",""qty"":110,""cpu"":95000},{""name"":""Tote bag"",""qty"":220,""cpu"":40000}]",17.963222999999999,102.60704,active,[]
2026-07-10T02:57:13.903Z,2026-07-08,KPV,Taladsao,5,5,47150000,14,429240000,135,20,460000,39050000,"[{""name"":""Pen"",""qty"":880,""cpu"":5000},{""name"":""Keychain"",""qty"":550,""cpu"":7000},{""name"":""Phone stand"",""qty"":110,""cpu"":52000},{""name"":""Gym bag"",""qty"":110,""cpu"":95000},{""name"":""Lanyard"",""qty"":220,""cpu"":14000},{""name"":""Charger"",""qty"":110,""cpu"":105000}]",17.964275313634353,102.62977370985494,active,"[""ນ ສຸດສະດາ ເເກ້ວວົງເພັດ (ເມ)"",""ນາງ ເກສອນ ມະໄລທອງ  (ນ້ອຍ)"",""ທ້າວ ຕາດຳ ສີສະນົນ (ຕາດຳ) "",""ນາງ ດາລຸນນີ ພົມມະວົງໄຊ(ເຈວລີ້)""]"
2026-07-13T07:46:20.573Z,2026-07-09,KPV,Taladsao,8,8,1600000,14,210885000,180,27,460000,32120000,"[{""name"":""Pen"",""qty"":550,""cpu"":5000},{""name"":""Phone stand"",""qty"":110,""cpu"":52000},{""name"":""Lanyard"",""qty"":550,""cpu"":14000},{""name"":""Mug"",""qty"":110,""cpu"":40000},{""name"":""Charger"",""qty"":110,""cpu"":105000}]",17.964270562760596,102.62976458320071,active,"[""ນ ສຸດສະດາ ເເກ້ວວົງເພັດ (ເມ)"",""ນາງ ສານຝົນ ພົມມະເທດ (ອາເມ)""]"
2026-07-13T07:49:36.383Z,2026-07-10,KPV,Taladsao,7,7,47600000,13,155372000,165,22,540000,36630000,"[{""name"":""Pen"",""qty"":880,""cpu"":5000},{""name"":""Phone stand"",""qty"":110,""cpu"":52000},{""name"":""Lanyard"",""qty"":440,""cpu"":14000},{""name"":""Mug"",""qty"":220,""cpu"":40000},{""name"":""Charger"",""qty"":110,""cpu"":105000}]",17.964273259840759,102.62977679169528,active,"[""ນ ສຸລິສາ ຊາມາລັດ (ກ້ອຍ)"",""ນ ສຸດສະດາ ເເກ້ວວົງເພັດ (ເມ)"",""ນາງ ເພັດມະນີ ສົດສະຫວັນ (ເອື້ອຍນີ)""]"
2026-07-13T08:04:33.828Z,2026-07-08,Agency,BCEL Nonghai,48,45,14400000,37,79800000,602,303,4554000,330265000,"[{""name"":""Lanyard"",""qty"":20200,""cpu"":14000},{""name"":""Sport Wristbands"",""qty"":770,""cpu"":16500},{""name"":""Phone stand"",""qty"":330,""cpu"":52000},{""name"":""Mug"",""qty"":440,""cpu"":40000}]",17.963978174348977,102.6296788072122,active,[]
2026-07-13T08:06:27.133Z,2026-07-09,Agency,D-Mart Thatlaung,24,3,400000,51,54880000,550,299,4554000,307440000,"[{""name"":""Lanyard"",""qty"":20200,""cpu"":14000},{""name"":""Phone stand"",""qty"":220,""cpu"":52000},{""name"":""Mug"",""qty"":330,""cpu"":40000}]",17.963978174348977,102.6296788072122,active,[]
2026-07-13T08:08:15.938Z,2026-07-10,Agency,EDL GEN - Nongbuek,38,10,1500000,40,98600000,515,265,4554000,61380000,"[{""name"":""Lanyard"",""qty"":440,""cpu"":14000},{""name"":""Sport Wristbands"",""qty"":220,""cpu"":16500},{""name"":""Phone stand"",""qty"":220,""cpu"":52000},{""name"":""Charger"",""qty"":220,""cpu"":105000},{""name"":""Mug"",""qty"":330,""cpu"":40000},{""name"":""Keychain"",""qty"":550,""cpu"":7000}]",17.963978174348977,102.6296788072122,active,[]
2026-07-15T02:32:27.788Z,2026-07-13,KPV,ITECC,11,11,7200000,9,328660000,135,25,160000,54120000,"[{""name"":""Pen"",""qty"":880,""cpu"":5000},{""name"":""Phone stand"",""qty"":110,""cpu"":52000},{""name"":""Lanyard"",""qty"":550,""cpu"":14000},{""name"":""Tea set"",""qty"":110,""cpu"":330000}]",17.964272702587273,102.62977433865781,active,"[""ນ ສຸລິສາ ຊາມາລັດ (ກ້ອຍ)"",""ນ ສຸດສະດາ ເເກ້ວວົງເພັດ (ເມ)"",""ນາງ ເກສອນ ມະໄລທອງ  (ນ້ອຍ)""]"
2026-07-17T02:29:46.822Z,2026-07-15,KPV,ITECC,6,6,2000000,10,239222000,110,17,240000,30140000,"[{""name"":""Pen"",""qty"":550,""cpu"":5000},{""name"":""Phone stand"",""qty"":220,""cpu"":52000},{""name"":""Charger"",""qty"":110,""cpu"":105000},{""name"":""Mug"",""qty"":110,""cpu"":40000}]",17.964272528308179,102.62977938325062,active,"[""ນ ສຸລິສາ ຊາມາລັດ (ກ້ອຍ)"",""ນ ສຸດສະດາ ເເກ້ວວົງເພັດ (ເມ)"",""ນາງ ສົມພະໄທ ພົມໂສພາ(ພິ້ງກີ້)""]"
2026-07-17T02:37:49.194Z,2026-07-16,KPV,ITECC,7,7,46250000,9,181582000,95,16,160000,41030000,"[{""name"":""Pen"",""qty"":330,""cpu"":5000},{""name"":""Phone stand"",""qty"":110,""cpu"":52000},{""name"":""Charger"",""qty"":220,""cpu"":105000},{""name"":""Mug"",""qty"":110,""cpu"":40000},{""name"":""Lanyard"",""qty"":440,""cpu"":14000}]",17.964272737728447,102.6297743318825,active,"[""ນ ສຸລິສາ ຊາມາລັດ (ກ້ອຍ)"",""ນາງ ເພັດມະນີ ສົດສະຫວັນ (ເອື້ອຍນີ)"",""ທ້າວ ຕາດຳ ສີສະນົນ (ຕາດຳ) "",""ນ ສຸດສະດາ ເເກ້ວວົງເພັດ (ເມ)""]"
2026-07-21T03:26:45.755Z,2026-07-17,KPV,ITECC,6,6,1600000,7,138260000,100,15,160000,36740000,"[{""name"":""Pen"",""qty"":660,""cpu"":5000},{""name"":""Phone stand"",""qty"":110,""cpu"":52000},{""name"":""Charger"",""qty"":220,""cpu"":105000},{""name"":""Lanyard"",""qty"":330,""cpu"":14000}]",17.964272737728443,102.62977619525066,active,"[""ນາງ ເກສອນ ມະໄລທອງ  (ນ້ອຍ)"",""ນາງ ຈັນດາວອນ ວົງພັກດີ (ຕິງຫນ່ອຍ)"",""ທ້າວ ຕາດຳ ສີສະນົນ (ຕາດຳ) "",""ນ ສຸດສະດາ ເເກ້ວວົງເພັດ (ເມ)""]"
2026-07-24T09:55:58.444Z,2026-07-22,KPV,Wangthong,9,9,900000,8,107600000,100,20,240000,32890000,"[{""name"":""Pen"",""qty"":770,""cpu"":5000},{""name"":""Charger"",""qty"":220,""cpu"":105000},{""name"":""Lanyard"",""qty"":110,""cpu"":14000},{""name"":""Mug"",""qty"":110,""cpu"":40000}]",0,0,active,"[""ນ ສຸລິສາ ຊາມາລັດ (ກ້ອຍ)"",""ນ ສຸດສະດາ ເເກ້ວວົງເພັດ (ເມ)"",""ນາງ ບົວລະພອນ ວິໄລວັນ (ພອນ)""]"
2026-07-27T02:18:44.102Z,2026-07-23,KPV,Wangthong,11,11,1500000,9,118350000,150,25,160000,26510000,"[{""name"":""Pen"",""qty"":660,""cpu"":5000},{""name"":""Charger"",""qty"":110,""cpu"":105000},{""name"":""Lanyard"",""qty"":110,""cpu"":14000},{""name"":""Mug"",""qty"":110,""cpu"":40000},{""name"":""Phone stand"",""qty"":110,""cpu"":52000}]",17.964283231139468,102.62978491432457,active,"[""ນ ສຸດສະດາ ເເກ້ວວົງເພັດ (ເມ)"",""ນາງ ດາລຸນນີ ພົມມະວົງໄຊ(ເຈວລີ້)""]"
2026-07-27T02:22:01.514Z,2026-07-24,KPV,Wangthong,9,9,1700000,8,248648000,120,20,160000,32120000,"[{""name"":""Pen"",""qty"":550,""cpu"":5000},{""name"":""Lanyard"",""qty"":220,""cpu"":14000},{""name"":""Mug"",""qty"":110,""cpu"":40000},{""name"":""Phone stand"",""qty"":220,""cpu"":52000},{""name"":""Gym bag"",""qty"":110,""cpu"":95000}]",17.964281740540997,102.62977976314731,active,"[""ນ ສຸດສະດາ ເເກ້ວວົງເພັດ (ເມ)"",""ນາງ ເກສອນ ມະໄລທອງ  (ນ້ອຍ)""]"
2026-07-27T08:34:21.073Z,2026-07-14,Agency,Nongseng temple,16,1,100000,37,96280000,499,250,4554000,238970000,"[{""name"":""Lanyard"",""qty"":10100,""cpu"":14000},{""name"":""Phone stand"",""qty"":110,""cpu"":52000},{""name"":""Mug"",""qty"":110,""cpu"":40000},{""name"":""Keychain"",""qty"":550,""cpu"":7000},{""name"":""Gym bag"",""qty"":880,""cpu"":95000}]",0,0,active,[]
2026-07-27T08:36:42.722Z,2026-07-15,Agency,APB Bank Head Office (Phakhao),36,8,2800000,52,79385000,589,450,4554000,96855000,"[{""name"":""Lanyard"",""qty"":550,""cpu"":14000},{""name"":""Sport Wristbands"",""qty"":110,""cpu"":16500},{""name"":""Phone stand"",""qty"":330,""cpu"":52000},{""name"":""Charger"",""qty"":330,""cpu"":105000},{""name"":""Mug"",""qty"":440,""cpu"":40000},{""name"":""Keychain"",""qty"":440,""cpu"":7000},{""name"":""Gym bag"",""qty"":110,""cpu"":95000},{""name"":""Tote bag"",""qty"":110,""cpu"":40000}]",0,0,active,[]
2026-07-27T08:38:37.829Z,2026-07-16,Agency,Xokthavy Nongtaeng,37,15,1500000,41,35253000,544,390,4554000,201580000,"[{""name"":""Lanyard"",""qty"":12120,""cpu"":14000},{""name"":""Phone stand"",""qty"":440,""cpu"":52000},{""name"":""Keychain"",""qty"":660,""cpu"":7000},{""name"":""Tote bag"",""qty"":110,""cpu"":40000}]",0,0,active,[]
2026-07-27T08:42:54.238Z,2026-07-20,Agency,Xokthavy Dongsavath,37,17,1700000,45,276544000,644,401,4554000,375260000,"[{""name"":""Lanyard"",""qty"":12120,""cpu"":14000},{""name"":""Phone stand"",""qty"":660,""cpu"":52000},{""name"":""Charger"",""qty"":220,""cpu"":105000},{""name"":""Keychain"",""qty"":18180,""cpu"":7000},{""name"":""Gym bag"",""qty"":220,""cpu"":95000}]",0,0,active,[]
2026-07-27T08:44:38.939Z,2026-07-22,Agency,PTT Lao,23,9,13000000,33,8600000,489,320,4554000,586000,,0,0,active,[]
2026-07-28T02:18:23.795Z,2026-07-23,Agency,Xokthavy Kaoliew / EDL Sokpaluang,41,22,14093000,55,25400000,604,380,4554000,3430000,,0,0,active,[]
2026-07-28T02:21:10.676Z,2026-07-24,Agency,Lao tai group (Laofe),33,24,1800000,11,56655000,552,310,4554000,80190000,"[{""name"":""Lanyard"",""qty"":220,""cpu"":14000},{""name"":""Sport Wristbands"",""qty"":880,""cpu"":16500},{""name"":""Phone stand"",""qty"":440,""cpu"":52000},{""name"":""Charger"",""qty"":220,""cpu"":105000},{""name"":""Keychain"",""qty"":880,""cpu"":7000},{""name"":""Gym bag"",""qty"":110,""cpu"":95000}]",0,0,active,[]
2026-07-28T02:46:08.167Z,2026-07-26,Agency,Xokthavy Donenoun,38,14,1800000,45,82950000,625,360,4554000,146630000,"[{""name"":""Lanyard"",""qty"":550,""cpu"":14000},{""name"":""Phone stand"",""qty"":440,""cpu"":52000},{""name"":""Charger"",""qty"":110,""cpu"":105000},{""name"":""Mug"",""qty"":330,""cpu"":40000},{""name"":""Keychain"",""qty"":880,""cpu"":7000},{""name"":""Gym bag"",""qty"":220,""cpu"":95000},{""name"":""Tumblr"",""qty"":880,""cpu"":73000}]",0,0,active,[]
2026-07-30T07:33:01.637Z,2026-07-27,KPV,Taladsao,6,6,600000,9,137140000,120,18,460000,32780000,"[{""name"":""Pen"",""qty"":770,""cpu"":5000},{""name"":""Lanyard"",""qty"":110,""cpu"":14000},{""name"":""Mug"",""qty"":110,""cpu"":40000},{""name"":""Phone stand"",""qty"":220,""cpu"":52000},{""name"":""Charger"",""qty"":110,""cpu"":105000}]",17.964278746883963,102.62978519565506,active,"[""ນ ສຸດສະດາ ເເກ້ວວົງເພັດ (ເມ)"",""ນາງ ບົວລະພອນ ວິໄລວັນ (ພອນ)""]"
2026-07-30T07:35:44.079Z,2026-07-29,KPV,Taladsao,6,6,2000000,11,334855000,150,25,540000,237000,,17.964281981740083,102.62978658549339,active,"[""ນ ສຸລິສາ ຊາມາລັດ (ກ້ອຍ)"",""ນ ສຸດສະດາ ເເກ້ວວົງເພັດ (ເມ)"",""ທ້າວ ຕາດຳ ສີສະນົນ (ຕາດຳ) ""]"
2026-08-03T09:56:34.089Z,2026-07-30,KPV,Taladsao,5,5,1900000,8,490759000,130,15,460000,36025000,"[{""name"":""Pen"",""qty"":550,""cpu"":5000},{""name"":""Keychain"",""qty"":330,""cpu"":7000},{""name"":""Lanyard"",""qty"":440,""cpu"":14000},{""name"":""Phone stand"",""qty"":220,""cpu"":52000},{""name"":""Charger"",""qty"":110,""cpu"":105000},{""name"":""Sport Wristbands"",""qty"":110,""cpu"":16500}]",17.964279292959347,102.62977017646178,active,"[""ນ ສຸດສະດາ ເເກ້ວວົງເພັດ (ເມ)"",""ນາງ ເພັດມະນີ ສົດສະຫວັນ (ເອື້ອຍນີ)""]"
2026-08-03T10:01:28.576Z,2026-07-31,KPV,Taladsao,4,4,900000,6,252709000,120,13,460000,30030000,"[{""name"":""Pen"",""qty"":440,""cpu"":5000},{""name"":""Keychain"",""qty"":550,""cpu"":7000},{""name"":""Lanyard"",""qty"":220,""cpu"":14000},{""name"":""Phone stand"",""qty"":110,""cpu"":52000},{""name"":""Charger"",""qty"":110,""cpu"":105000},{""name"":""Sport Wristbands"",""qty"":220,""cpu"":16500}]",17.964278919317877,102.62977724586378,active,"[""ນ ສຸດສະດາ ເເກ້ວວົງເພັດ (ເມ)"",""ນາງ ເພັດມະນີ ສົດສະຫວັນ (ເອື້ອຍນີ)""]"
2026-08-04T02:25:01.138Z,2026-07-27,Agency,ສະຫະພັນ ແມ່ຍິງ,24,11,2800000,27,9485000,355,212,4554000,602500,,0,0,active,[]
2026-08-04T02:40:35.681Z,2026-07-28,Agency,Hoya,22,4,800000,16,108614000,458,317,4554000,22715000,"[{""name"":""Sport Wristbands"",""qty"":330,""cpu"":16500},{""name"":""Phone stand"",""qty"":110,""cpu"":52000},{""name"":""Charger"",""qty"":110,""cpu"":105000}]",0,0,active,[]
2026-08-04T03:22:28.970Z,2026-07-30,Agency,Itecc Excibiltion Hall,48,16,54822000,22,9600000,788,423,4554000,85415000,"[{""name"":""Lanyard"",""qty"":110,""cpu"":14000},{""name"":""Sport Wristbands"",""qty"":550,""cpu"":16500},{""name"":""Phone stand"",""qty"":770,""cpu"":52000},{""name"":""Charger"",""qty"":110,""cpu"":105000},{""name"":""Keychain"",""qty"":330,""cpu"":7000},{""name"":""Gym bag"",""qty"":220,""cpu"":95000}]",0,0,active,[]
2026-08-04T03:29:26.511Z,2026-07-31,Agency,Itecc Excibiltion Hall,43,14,1400000,24,5652000,650,395,4554000,265320000,"[{""name"":""Sport Wristbands"",""qty"":10100,""cpu"":16500},{""name"":""Phone stand"",""qty"":440,""cpu"":52000},{""name"":""Charger"",""qty"":110,""cpu"":105000},{""name"":""Tumblr"",""qty"":880,""cpu"":73000}]",0,0,active,[]
2026-08-07T09:26:58.936Z,2026-08-01,Agency,Itecc Excibiltion Hall,45,5,900000,28,48400000,680,319,4554000,55770000,"[{""name"":""Sport Wristbands"",""qty"":660,""cpu"":16500},{""name"":""Phone stand"",""qty"":440,""cpu"":52000},{""name"":""Charger"",""qty"":110,""cpu"":105000},{""name"":""Gym bag"",""qty"":110,""cpu"":95000}]",0,0,active,[]
2026-08-07T10:10:42.251Z,2026-08-03,Agency,BCEL Dongdok (Foodcourt ),24,5,600000,27,7000000,425,265,353500,38885000,"[{""name"":""Sport Wristbands"",""qty"":330,""cpu"":16500},{""name"":""Phone stand"",""qty"":220,""cpu"":52000},{""name"":""Charger"",""qty"":110,""cpu"":105000},{""name"":""Gym bag"",""qty"":110,""cpu"":95000}]",0,0,active,[]
2026-08-07T10:12:20.425Z,2026-08-04,Agency,AGL Building,17,4,10400000,45,56450000,602,402,1299500,142945000,"[{""name"":""Sport Wristbands"",""qty"":770,""cpu"":16500},{""name"":""Phone stand"",""qty"":770,""cpu"":52000},{""name"":""Charger"",""qty"":660,""cpu"":105000},{""name"":""Gym bag"",""qty"":220,""cpu"":95000}]",0,0,active,[]
2026-08-10T02:33:22.631Z,2026-08-03,KPV,ITECC,7,7,24075000,10,111306000,100,20,457000,50270000,"[{""name"":""Pen"",""qty"":880,""cpu"":5000},{""name"":""Lanyard"",""qty"":550,""cpu"":14000},{""name"":""Phone stand"",""qty"":220,""cpu"":52000},{""name"":""Charger"",""qty"":220,""cpu"":105000},{""name"":""Sport Wristbands"",""qty"":220,""cpu"":16500}]",0,0,active,"[""ນ ສຸລິສາ ຊາມາລັດ (ກ້ອຍ)"",""ນ ສຸດສະດາ ເເກ້ວວົງເພັດ (ເມ)"",""ນາງ ຈັນດາວອນ ວົງພັກດີ (ຕິງຫນ່ອຍ)""]"
2026-08-10T02:37:37.397Z,2026-08-05,KPV,ITECC,8,8,2450000,12,143190000,120,23,357500,39325000,"[{""name"":""Pen"",""qty"":330,""cpu"":5000},{""name"":""Lanyard"",""qty"":660,""cpu"":14000},{""name"":""Phone stand"",""qty"":220,""cpu"":52000},{""name"":""Charger"",""qty"":110,""cpu"":105000},{""name"":""Sport Wristbands"",""qty"":330,""cpu"":16500}]",17.964309713674417,102.62983036788425,active,"[""ນ ສຸດສະດາ ເເກ້ວວົງເພັດ (ເມ)"",""ນາງ ເກສອນ ມະໄລທອງ  (ນ້ອຍ)""]"
2026-08-10T02:44:12.247Z,2026-08-06,KPV,ITECC,6,6,1750000,14,95262000,100,23,310000,79100000,"[{""name"":""Pen"",""qty"":10100,""cpu"":5000},{""name"":""Lanyard"",""qty"":550,""cpu"":14000},{""name"":""Phone stand"",""qty"":110,""cpu"":52000},{""name"":""Charger"",""qty"":110,""cpu"":105000},{""name"":""Sport Wristbands"",""qty"":220,""cpu"":16500}]",17.964307205774634,102.62983001280415,active,"[""ທ້າວ ຕາດຳ ສີສະນົນ (ຕາດຳ) "",""ນ ສຸດສະດາ ເເກ້ວວົງເພັດ (ເມ)"",""ນາງ ທິບພະພອນ ທຳມະວົງສາ(ເບບີ)""]"
2026-08-10T02:49:14.808Z,2026-08-07,KPV,ITECC,9,9,2150000,25,330750000,120,25,438500,48235000,"[{""name"":""Pen"",""qty"":440,""cpu"":5000},{""name"":""Lanyard"",""qty"":660,""cpu"":14000},{""name"":""Phone stand"",""qty"":110,""cpu"":52000},{""name"":""Charger"",""qty"":110,""cpu"":105000},{""name"":""Sport Wristbands"",""qty"":550,""cpu"":16500},{""name"":""Gym bag"",""qty"":110,""cpu"":95000}]",17.96430971334977,102.62983109421985,active,"[""ທ້າວ ຕາດຳ ສີສະນົນ (ຕາດຳ) "",""ນ ສຸດສະດາ ເເກ້ວວົງເພັດ (ເມ)"",""ນາງ ເພັດມະນີ ສົດສະຫວັນ (ເອື້ອຍນີ)""]"
2026-08-10T03:35:57.599Z,2026-08-05,Agency,Sisombath Leasing,28,2,46220000,40,6200000,610,325,4554000,47520000,"[{""name"":""Pen"",""qty"":330,""cpu"":5000},{""name"":""Lanyard"",""qty"":550,""cpu"":14000},{""name"":""Phone stand"",""qty"":110,""cpu"":52000},{""name"":""Charger"",""qty"":110,""cpu"":105000},{""name"":""Gym bag"",""qty"":220,""cpu"":95000}]",0,0,active,[]
2026-08-10T10:03:54.838Z,2026-08-06,Agency,Exim Logistic,20,12,2000000,43,10500000,450,255,4554000,53240000,"[{""name"":""Pen"",""qty"":330,""cpu"":5000},{""name"":""Lanyard"",""qty"":880,""cpu"":14000},{""name"":""Phone stand"",""qty"":110,""cpu"":52000},{""name"":""Charger"",""qty"":220,""cpu"":105000},{""name"":""Gym bag"",""qty"":110,""cpu"":95000}]",0,0,active,[]
2026-08-11T06:33:31.554Z,2026-08-10,KPV,Wangthong,7,7,1050000,11,280663000,100,20,443500,48785000,"[{""name"":""Pen"",""qty"":550,""cpu"":5000},{""name"":""Lanyard"",""qty"":660,""cpu"":14000},{""name"":""Phone stand"",""qty"":110,""cpu"":52000},{""name"":""Charger"",""qty"":110,""cpu"":105000},{""name"":""Sport Wristbands"",""qty"":550,""cpu"":16500},{""name"":""Gym bag"",""qty"":110,""cpu"":95000}]",17.96431332975985,102.62983515446555,active,"[""ທ້າວ ຕາດຳ ສີສະນົນ (ຕາດຳ) "",""ນ ສຸດສະດາ ເເກ້ວວົງເພັດ (ເມ)"",""ນາງ ເກສອນ ມະໄລທອງ  (ນ້ອຍ)""]"
2026-08-11T06:33:31.554Z,2026-08-07,Agency,Vietin Building,18,8,1450000,18,21600000,408,248,4554000,0,,,,,
2026-08-11T06:33:31.554Z,2026-08-09,Agency,Luk 52km &amp; Songpueay,35,9,1800000,35,1400000,588,450,4554000,0,,,,,
2026-08-11T06:33:31.554Z,2026-08-10,Agency,Insee Building,30,5,4548000,30,29300000,442,375,4554000,0,,,,,
2026-08-17T04:00:37.740Z,2026-08-11,Agency,KPV Thangon,30,15,2400000,30,48750000,452,380,4554000,72600000,"[{""name"":""Pen"",""qty"":660,""cpu"":5000},{""name"":""Lanyard"",""qty"":990,""cpu"":14000},{""name"":""Phone stand"",""qty"":220,""cpu"":52000},{""name"":""Charger"",""qty"":220,""cpu"":105000},{""name"":""Gym bag"",""qty"":220,""cpu"":95000}]",17.9757,102.6331,active,
2026-08-17T05:21:48.442Z,2026-08-12,Agency,Lao Airline,20,6,900000,43,93375000,495,389,4554000,247340000,"[{""name"":""Pen"",""qty"":10100,""cpu"":5000},{""name"":""Lanyard"",""qty"":10100,""cpu"":14000},{""name"":""Phone stand"",""qty"":220,""cpu"":52000},{""name"":""Charger"",""qty"":220,""cpu"":105000},{""name"":""Gym bag"",""qty"":220,""cpu"":95000}]",0,0,active,
2026-08-17T06:49:28.234Z,2026-08-13,Agency,Viengthong Office,22,5,10800000,30,177376000,502,479,4554000,152585000,"[{""name"":""Pen"",""qty"":15150,""cpu"":5000},{""name"":""Lanyard"",""qty"":880,""cpu"":14000},{""name"":""Sport Wristbands"",""qty"":550,""cpu"":16500},{""name"":""Phone stand"",""qty"":220,""cpu"":52000},{""name"":""Charger"",""qty"":220,""cpu"":105000},{""name"":""Gym bag"",""qty"":220,""cpu"":95000}]",0,0,active,
2026-08-17T06:56:52.894Z,2026-08-14,Agency,LDB,25,3,800000,40,196221000,495,350,4554000,302330000,"[{""name"":""Pen"",""qty"":12120,""cpu"":5000},{""name"":""Lanyard"",""qty"":12120,""cpu"":14000},{""name"":""Sport Wristbands"",""qty"":660,""cpu"":16500},{""name"":""Phone stand"",""qty"":330,""cpu"":52000},{""name"":""Charger"",""qty"":220,""cpu"":105000},{""name"":""Gym bag"",""qty"":220,""cpu"":95000}]",17.964031587443724,102.62970871143334,active,
2026-08-17T07:00:27.397Z,2026-08-14,Agency,LDB/Back to school,18,3,300000,40,51190000,399,259,4554000,71335000,"[{""name"":""Pen"",""qty"":990,""cpu"":5000},{""name"":""Lanyard"",""qty"":880,""cpu"":14000},{""name"":""Sport Wristbands"",""qty"":550,""cpu"":16500},{""name"":""Phone stand"",""qty"":220,""cpu"":52000},{""name"":""Charger"",""qty"":220,""cpu"":105000},{""name"":""Gym bag"",""qty"":110,""cpu"":95000}]",0,0,active,
2026-08-17T07:03:31.808Z,2026-08-15,Agency,Back to school,35,14,4000000,39,61668000,499,369,4554000,406050000,"[{""name"":""Pen"",""qty"":20200,""cpu"":5000},{""name"":""Lanyard"",""qty"":15150,""cpu"":14000},{""name"":""Sport Wristbands"",""qty"":880,""cpu"":16500},{""name"":""Phone stand"",""qty"":440,""cpu"":52000},{""name"":""Charger"",""qty"":330,""cpu"":105000},{""name"":""Gym bag"",""qty"":220,""cpu"":95000}]",0,0,active,
,,,,,,,,,,,,0,,,,,
,,,,,,,,,,,,0,,,,,
,,,,,,,,,,,,0,,,,,
,,,,,,,,,,,,0,,,,,
,,,,,,,,,,,,0,,,,,
,,,,,,,,,,,,0,,,,,
,,,,,,,,,,,,0,,,,,
,,,,,,,,,,,,0,,,,,
,,,,,,,,,,,,0,,,,,
,,,,,,,,,,,,0,,,,,
,,,,,,,,,,,,0,,,,,
,,,,,,,,,,,,0,,,,,
,,,,,,,,,,,,0,,,,,
,,,,,,,,,,,,0,,,,,
,,,,,,,,,,,,0,,,,,
,,,,,,,,,,,,0,,,,,
,,,,,,,,,,,,0,,,,,
,,,,,,,,,,,,0,,,,,
,,,,,,,,,,,,0,,,,,
,,,,,,,,,,,,0,,,,,
,,,,,,,,,,,,0,,,,,
,,,,,,,,,,,,0,,,,,
,,,,,,,,,,,,0,,,,,
,,,,,,,,,,,,0,,,,,
,,,,,,,,,,,,0,,,,,
,,,,,,,,,,,,0,,,,,
,,,,,,,,,,,,0,,,,,
,,,,,,,,,,,,0,,,,,
,,,,,,,,,,,,0,,,,,
,,,,,,,,,,,,0,,,,,
,,,,,,,,,,,,0,,,,,
,,,,,,,,,,,,0,,,,,
,,,,,,,,,,,,0,,,,,
,,,,,,,,,,,,0,,,,,
,,,,,,,,,,,,0,,,,,
,,,,,,,,,,,,0,,,,,
,,,,,,,,,,,,0,,,,,
,,,,,,,,,,,,0,,,,,
,,,,,,,,,,,,0,,,,,
,,,,,,,,,,,,0,,,,,
,,,,,,,,,,,,0,,,,,
,,,,,,,,,,,,0,,,,,
,,,,,,,,,,,,0,,,,,
,,,,,,,,,,,,0,,,,,
,,,,,,,,,,,,0,,,,,
,,,,,,,,,,,,0,,,,,
,,,,,,,,,,,,0,,,,,
,,,,,,,,,,,,0,,,,,
,,,,,,,,,,,,0,,,,,
,,,,,,,,,,,,0,,,,,
,,,,,,,,,,,,0,,,,,
,,,,,,,,,,,,0,,,,,
,,,,,,,,,,,,0,,,,,
,,,,,,,,,,,,0,,,,,
,,,,,,,,,,,,0,,,,,
,,,,,,,,,,,,0,,,,,
,,,,,,,,,,,,0,,,,,
,,,,,,,,,,,,0,,,,,
,,,,,,,,,,,,0,,,,,
,,,,,,,,,,,,0,,,,,
,,,,,,,,,,,,0,,,,,
,,,,,,,,,,,,0,,,,,
,,,,,,,,,,,,0,,,,,
,,,,,,,,,,,,0,,,,,
,,,,,,,,,,,,0,,,,,
,,,,,,,,,,,,0,,,,,
,,,,,,,,,,,,0,,,,,
,,,,,,,,,,,,0,,,,,
,,,,,,,,,,,,0,,,,,
,,,,,,,,,,,,0,,,,,
,,,,,,,,,,,,0,,,,,
,,,,,,,,,,,,0,,,,,
,,,,,,,,,,,,0,,,,,
,,,,,,,,,,,,0,,,,,
,,,,,,,,,,,,0,,,,,
,,,,,,,,,,,,0,,,,,
,,,,,,,,,,,,0,,,,,
,,,,,,,,,,,,0,,,,,
,,,,,,,,,,,,0,,,,,
,,,,,,,,,,,,0,,,,,
,,,,,,,,,,,,0,,,,,
,,,,,,,,,,,,0,,,,,
,,,,,,,,,,,,0,,,,,
,,,,,,,,,,,,0,,,,,
,,,,,,,,,,,,0,,,,,
,,,,,,,,,,,,0,,,,,
,,,,,,,,,,,,0,,,,,
,,,,,,,,,,,,0,,,,,
,,,,,,,,,,,,0,,,,,
,,,,,,,,,,,,0,,,,,
,,,,,,,,,,,,0,,,,,
,,,,,,,,,,,,0,,,,,
,,,,,,,,,,,,0,,,,,
,,,,,,,,,,,,0,,,,,
,,,,,,,,,,,,0,,,,,
,,,,,,,,,,,,0,,,,,
,,,,,,,,,,,,0,,,,,
,,,,,,,,,,,,0,,,,,
,,,,,,,,,,,,0,,,,,
,,,,,,,,,,,,0,,,,,
,,,,,,,,,,,,0,,,,,
,,,,,,,,,,,,0,,,,,
,,,,,,,,,,,,0,,,,,
,,,,,,,,,,,,0,,,,,
,,,,,,,,,,,,0,,,,,
,,,,,,,,,,,,0,,,,,
,,,,,,,,,,,,0,,,,,
,,,,,,,,,,,,0,,,,,
,,,,,,,,,,,,0,,,,,
,,,,,,,,,,,,0,,,,,
,,,,,,,,,,,,0,,,,,
,,,,,,,,,,,,0,,,,,
,,,,,,,,,,,,0,,,,,
,,,,,,,,,,,,0,,,,,
,,,,,,,,,,,,0,,,,,
,,,,,,,,,,,,0,,,,,
,,,,,,,,,,,,0,,,,,
,,,,,,,,,,,,0,,,,,
,,,,,,,,,,,,0,,,,,
,,,,,,,,,,,,0,,,,,
,,,,,,,,,,,,0,,,,,
,,,,,,,,,,,,0,,,,,
,,,,,,,,,,,,0,,,,,
,,,,,,,,,,,,0,,,,,
,,,,,,,,,,,,0,,,,,
,,,,,,,,,,,,0,,,,,
,,,,,,,,,,,,0,,,,,
,,,,,,,,,,,,0,,,,,
,,,,,,,,,,,,0,,,,,
,,,,,,,,,,,,0,,,,,
,,,,,,,,,,,,0,,,,,
,,,,,,,,,,,,0,,,,,
,,,,,,,,,,,,0,,,,,
,,,,,,,,,,,,0,,,,,
,,,,,,,,,,,,0,,,,,
,,,,,,,,,,,,0,,,,,
,,,,,,,,,,,,0,,,,,
,,,,,,,,,,,,0,,,,,
,,,,,,,,,,,,0,,,,,
,,,,,,,,,,,,0,,,,,
,,,,,,,,,,,,0,,,,,
,,,,,,,,,,,,0,,,,,
,,,,,,,,,,,,0,,,,,
,,,,,,,,,,,,0,,,,,
,,,,,,,,,,,,0,,,,,
,,,,,,,,,,,,0,,,,,
,,,,,,,,,,,,0,,,,,
,,,,,,,,,,,,0,,,,,
,,,,,,,,,,,,0,,,,,
,,,,,,,,,,,,0,,,,,
,,,,,,,,,,,,0,,,,,
,,,,,,,,,,,,0,,,,,
,,,,,,,,,,,,0,,,,,
,,,,,,,,,,,,0,,,,,
,,,,,,,,,,,,0,,,,,
,,,,,,,,,,,,0,,,,,
,,,,,,,,,,,,0,,,,,
,,,,,,,,,,,,0,,,,,
,,,,,,,,,,,,0,,,,,
,,,,,,,,,,,,0,,,,,
,,,,,,,,,,,,0,,,,,
,,,,,,,,,,,,0,,,,,
,,,,,,,,,,,,0,,,,,
,,,,,,,,,,,,0,,,,,
,,,,,,,,,,,,0,,,,,
,,,,,,,,,,,,0,,,,,
,,,,,,,,,,,,0,,,,,
,,,,,,,,,,,,0,,,,,
,,,,,,,,,,,,0,,,,,
,,,,,,,,,,,,0,,,,,
,,,,,,,,,,,,0,,,,,
,,,,,,,,,,,,0,,,,,
,,,,,,,,,,,,0,,,,,
,,,,,,,,,,,,0,,,,,
,,,,,,,,,,,,0,,,,,
,,,,,,,,,,,,0,,,,,
,,,,,,,,,,,,0,,,,,
,,,,,,,,,,,,0,,,,,
,,,,,,,,,,,,0,,,,,
,,,,,,,,,,,,0,,,,,
,,,,,,,,,,,,0,,,,,
,,,,,,,,,,,,0,,,,,
,,,,,,,,,,,,0,,,,,
,,,,,,,,,,,,0,,,,,
,,,,,,,,,,,,0,,,,,
,,,,,,,,,,,,0,,,,,
,,,,,,,,,,,,0,,,,,
,,,,,,,,,,,,0,,,,,
,,,,,,,,,,,,0,,,,,
,,,,,,,,,,,,0,,,,,
,,,,,,,,,,,,0,,,,,
,,,,,,,,,,,,0,,,,,
,,,,,,,,,,,,0,,,,,
,,,,,,,,,,,,0,,,,,
,,,,,,,,,,,,0,,,,,
,,,,,,,,,,,,0,,,,,
,,,,,,,,,,,,0,,,,,
,,,,,,,,,,,,0,,,,,
,,,,,,,,,,,,0,,,,,
,,,,,,,,,,,,0,,,,,
,,,,,,,,,,,,0,,,,,
,,,,,,,,,,,,0,,,,,
,,,,,,,,,,,,0,,,,,
,,,,,,,,,,,,0,,,,,
,,,,,,,,,,,,0,,,,,
,,,,,,,,,,,,0,,,,,
,,,,,,,,,,,,0,,,,,
,,,,,,,,,,,,0,,,,,
,,,,,,,,,,,,0,,,,,
,,,,,,,,,,,,0,,,,,
,,,,,,,,,,,,0,,,,,
,,,,,,,,,,,,0,,,,,
,,,,,,,,,,,,0,,,,,
,,,,,,,,,,,,0,,,,,
,,,,,,,,,,,,0,,,,,
,,,,,,,,,,,,0,,,,,
,,,,,,,,,,,,0,,,,,
,,,,,,,,,,,,0,,,,,
,,,,,,,,,,,,0,,,,,
,,,,,,,,,,,,0,,,,,
,,,,,,,,,,,,0,,,,,
,,,,,,,,,,,,0,,,,,
,,,,,,,,,,,,0,,,,,
,,,,,,,,,,,,0,,,,,
,,,,,,,,,,,,0,,,,,
,,,,,,,,,,,,0,,,,,
,,,,,,,,,,,,0,,,,,
,,,,,,,,,,,,0,,,,,
,,,,,,,,,,,,0,,,,,
,,,,,,,,,,,,0,,,,,
,,,,,,,,,,,,0,,,,,
,,,,,,,,,,,,0,,,,,
,,,,,,,,,,,,0,,,,,
,,,,,,,,,,,,0,,,,,
,,,,,,,,,,,,0,,,,,
,,,,,,,,,,,,0,,,,,
,,,,,,,,,,,,0,,,,,
,,,,,,,,,,,,0,,,,,
,,,,,,,,,,,,0,,,,,
,,,,,,,,,,,,0,,,,,
,,,,,,,,,,,,0,,,,,
,,,,,,,,,,,,0,,,,,
,,,,,,,,,,,,0,,,,,
,,,,,,,,,,,,0,,,,,
,,,,,,,,,,,,0,,,,,
,,,,,,,,,,,,0,,,,,
,,,,,,,,,,,,0,,,,,
,,,,,,,,,,,,0,,,,,
,,,,,,,,,,,,0,,,,,
,,,,,,,,,,,,0,,,,,
,,,,,,,,,,,,0,,,,,
,,,,,,,,,,,,0,,,,,
,,,,,,,,,,,,0,,,,,
,,,,,,,,,,,,0,,,,,
,,,,,,,,,,,,0,,,,,
,,,,,,,,,,,,0,,,,,
,,,,,,,,,,,,0,,,,,
,,,,,,,,,,,,0,,,,,
,,,,,,,,,,,,0,,,,,
,,,,,,,,,,,,0,,,,,
,,,,,,,,,,,,0,,,,,
,,,,,,,,,,,,0,,,,,
,,,,,,,,,,,,0,,,,,
,,,,,,,,,,,,0,,,,,
,,,,,,,,,,,,0,,,,,
,,,,,,,,,,,,0,,,,,
,,,,,,,,,,,,0,,,,,
,,,,,,,,,,,,0,,,,,
,,,,,,,,,,,,0,,,,,
,,,,,,,,,,,,0,,,,,
,,,,,,,,,,,,0,,,,,
,,,,,,,,,,,,0,,,,,
,,,,,,,,,,,,0,,,,,
,,,,,,,,,,,,0,,,,,
,,,,,,,,,,,,0,,,,,
,,,,,,,,,,,,0,,,,,
,,,,,,,,,,,,0,,,,,
,,,,,,,,,,,,0,,,,,
,,,,,,,,,,,,0,,,,,
,,,,,,,,,,,,0,,,,,
,,,,,,,,,,,,0,,,,,
,,,,,,,,,,,,0,,,,,
,,,,,,,,,,,,0,,,,,
,,,,,,,,,,,,0,,,,,
,,,,,,,,,,,,0,,,,,
,,,,,,,,,,,,0,,,,,
,,,,,,,,,,,,0,,,,,
,,,,,,,,,,,,0,,,,,
,,,,,,,,,,,,0,,,,,
,,,,,,,,,,,,0,,,,,
,,,,,,,,,,,,0,,,,,
,,,,,,,,,,,,0,,,,,
,,,,,,,,,,,,0,,,,,
,,,,,,,,,,,,0,,,,,
,,,,,,,,,,,,0,,,,,
,,,,,,,,,,,,0,,,,,
,,,,,,,,,,,,0,,,,,
,,,,,,,,,,,,0,,,,,
,,,,,,,,,,,,0,,,,,
,,,,,,,,,,,,0,,,,,
,,,,,,,,,,,,0,,,,,
,,,,,,,,,,,,0,,,,,
,,,,,,,,,,,,0,,,,,
,,,,,,,,,,,,0,,,,,
,,,,,,,,,,,,0,,,,,
,,,,,,,,,,,,0,,,,,
,,,,,,,,,,,,0,,,,,
,,,,,,,,,,,,0,,,,,
,,,,,,,,,,,,0,,,,,
,,,,,,,,,,,,0,,,,,
,,,,,,,,,,,,0,,,,,
,,,,,,,,,,,,0,,,,,
,,,,,,,,,,,,0,,,,,
,,,,,,,,,,,,0,,,,,
,,,,,,,,,,,,0,,,,,
,,,,,,,,,,,,0,,,,,
,,,,,,,,,,,,0,,,,,
,,,,,,,,,,,,0,,,,,
,,,,,,,,,,,,0,,,,,
,,,,,,,,,,,,0,,,,,
,,,,,,,,,,,,0,,,,,
,,,,,,,,,,,,0,,,,,
,,,,,,,,,,,,0,,,,,
,,,,,,,,,,,,0,,,,,
,,,,,,,,,,,,0,,,,,
,,,,,,,,,,,,0,,,,,
,,,,,,,,,,,,0,,,,,
,,,,,,,,,,,,0,,,,,
,,,,,,,,,,,,0,,,,,
,,,,,,,,,,,,0,,,,,
,,,,,,,,,,,,0,,,,,
,,,,,,,,,,,,0,,,,,
,,,,,,,,,,,,0,,,,,
,,,,,,,,,,,,0,,,,,
,,,,,,,,,,,,0,,,,,
,,,,,,,,,,,,0,,,,,
,,,,,,,,,,,,0,,,,,
,,,,,,,,,,,,0,,,,,
,,,,,,,,,,,,0,,,,,
,,,,,,,,,,,,0,,,,,
,,,,,,,,,,,,0,,,,,
,,,,,,,,,,,,0,,,,,
,,,,,,,,,,,,0,,,,,
,,,,,,,,,,,,0,,,,,
,,,,,,,,,,,,0,,,,,
,,,,,,,,,,,,0,,,,,
,,,,,,,,,,,,0,,,,,
,,,,,,,,,,,,0,,,,,
,,,,,,,,,,,,0,,,,,
,,,,,,,,,,,,0,,,,,
,,,,,,,,,,,,0,,,,,
,,,,,,,,,,,,0,,,,,
,,,,,,,,,,,,0,,,,,
,,,,,,,,,,,,0,,,,,
,,,,,,,,,,,,0,,,,,
,,,,,,,,,,,,0,,,,,
,,,,,,,,,,,,0,,,,,
,,,,,,,,,,,,0,,,,,
,,,,,,,,,,,,0,,,,,
,,,,,,,,,,,,0,,,,,
,,,,,,,,,,,,0,,,,,
,,,,,,,,,,,,0,,,,,
,,,,,,,,,,,,0,,,,,
,,,,,,,,,,,,0,,,,,
,,,,,,,,,,,,0,,,,,
,,,,,,,,,,,,0,,,,,
,,,,,,,,,,,,0,,,,,
,,,,,,,,,,,,0,,,,,
,,,,,,,,,,,,0,,,,,
,,,,,,,,,,,,0,,,,,
,,,,,,,,,,,,0,,,,,
,,,,,,,,,,,,0,,,,,
,,,,,,,,,,,,0,,,,,
,,,,,,,,,,,,0,,,,,
,,,,,,,,,,,,0,,,,,
,,,,,,,,,,,,0,,,,,
,,,,,,,,,,,,0,,,,,
,,,,,,,,,,,,0,,,,,
,,,,,,,,,,,,0,,,,,
,,,,,,,,,,,,0,,,,,
,,,,,,,,,,,,0,,,,,
,,,,,,,,,,,,0,,,,,
,,,,,,,,,,,,0,,,,,
,,,,,,,,,,,,0,,,,,
,,,,,,,,,,,,0,,,,,
,,,,,,,,,,,,0,,,,,
,,,,,,,,,,,,0,,,,,
,,,,,,,,,,,,0,,,,,
,,,,,,,,,,,,0,,,,,
,,,,,,,,,,,,0,,,,,
,,,,,,,,,,,,0,,,,,
,,,,,,,,,,,,0,,,,,
,,,,,,,,,,,,0,,,,,
,,,,,,,,,,,,0,,,,,
,,,,,,,,,,,,0,,,,,
,,,,,,,,,,,,0,,,,,
,,,,,,,,,,,,0,,,,,
,,,,,,,,,,,,0,,,,,
,,,,,,,,,,,,0,,,,,
,,,,,,,,,,,,0,,,,,
,,,,,,,,,,,,0,,,,,
,,,,,,,,,,,,0,,,,,
,,,,,,,,,,,,0,,,,,
,,,,,,,,,,,,0,,,,,
,,,,,,,,,,,,0,,,,,
,,,,,,,,,,,,0,,,,,
,,,,,,,,,,,,0,,,,,
,,,,,,,,,,,,0,,,,,
,,,,,,,,,,,,0,,,,,
,,,,,,,,,,,,0,,,,,
,,,,,,,,,,,,0,,,,,
,,,,,,,,,,,,0,,,,,
,,,,,,,,,,,,0,,,,,
,,,,,,,,,,,,0,,,,,
,,,,,,,,,,,,0,,,,,
,,,,,,,,,,,,0,,,,,
,,,,,,,,,,,,0,,,,,
,,,,,,,,,,,,0,,,,,
,,,,,,,,,,,,0,,,,,
,,,,,,,,,,,,0,,,,,
,,,,,,,,,,,,0,,,,,
,,,,,,,,,,,,0,,,,,
,,,,,,,,,,,,0,,,,,
,,,,,,,,,,,,0,,,,,
,,,,,,,,,,,,0,,,,,
,,,,,,,,,,,,0,,,,,
,,,,,,,,,,,,0,,,,,
,,,,,,,,,,,,0,,,,,
,,,,,,,,,,,,0,,,,,
,,,,,,,,,,,,0,,,,,
,,,,,,,,,,,,0,,,,,
,,,,,,,,,,,,0,,,,,
,,,,,,,,,,,,0,,,,,
,,,,,,,,,,,,0,,,,,
,,,,,,,,,,,,0,,,,,
,,,,,,,,,,,,0,,,,,
,,,,,,,,,,,,0,,,,,
,,,,,,,,,,,,0,,,,,
,,,,,,,,,,,,0,,,,,
,,,,,,,,,,,,0,,,,,
,,,,,,,,,,,,0,,,,,
,,,,,,,,,,,,0,,,,,
,,,,,,,,,,,,0,,,,,
,,,,,,,,,,,,0,,,,,
,,,,,,,,,,,,0,,,,,
,,,,,,,,,,,,0,,,,,
,,,,,,,,,,,,0,,,,,
,,,,,,,,,,,,0,,,,,
,,,,,,,,,,,,0,,,,,
,,,,,,,,,,,,0,,,,,
,,,,,,,,,,,,0,,,,,
,,,,,,,,,,,,0,,,,,
,,,,,,,,,,,,0,,,,,
,,,,,,,,,,,,0,,,,,
,,,,,,,,,,,,0,,,,,
,,,,,,,,,,,,0,,,,,
,,,,,,,,,,,,0,,,,,
,,,,,,,,,,,,0,,,,,
,,,,,,,,,,,,0,,,,,
,,,,,,,,,,,,0,,,,,
,,,,,,,,,,,,0,,,,,
,,,,,,,,,,,,0,,,,,
,,,,,,,,,,,,0,,,,,
,,,,,,,,,,,,0,,,,,
,,,,,,,,,,,,0,,,,,
,,,,,,,,,,,,0,,,,,
,,,,,,,,,,,,0,,,,,
,,,,,,,,,,,,0,,,,,
,,,,,,,,,,,,0,,,,,
,,,,,,,,,,,,0,,,,,
,,,,,,,,,,,,0,,,,,
,,,,,,,,,,,,0,,,,,
,,,,,,,,,,,,0,,,,,
,,,,,,,,,,,,0,,,,,
,,,,,,,,,,,,0,,,,,
,,,,,,,,,,,,0,,,,,
,,,,,,,,,,,,0,,,,,
,,,,,,,,,,,,0,,,,,
,,,,,,,,,,,,0,,,,,
,,,,,,,,,,,,0,,,,,
,,,,,,,,,,,,0,,,,,
,,,,,,,,,,,,0,,,,,
,,,,,,,,,,,,0,,,,,
,,,,,,,,,,,,0,,,,,
,,,,,,,,,,,,0,,,,,
,,,,,,,,,,,,0,,,,,
,,,,,,,,,,,,0,,,,,
,,,,,,,,,,,,0,,,,,
,,,,,,,,,,,,0,,,,,
,,,,,,,,,,,,0,,,,,
,,,,,,,,,,,,0,,,,,
,,,,,,,,,,,,0,,,,,
,,,,,,,,,,,,0,,,,,
,,,,,,,,,,,,0,,,,,
,,,,,,,,,,,,0,,,,,
,,,,,,,,,,,,0,,,,,
,,,,,,,,,,,,0,,,,,
,,,,,,,,,,,,0,,,,,
,,,,,,,,,,,,0,,,,,
,,,,,,,,,,,,0,,,,,
,,,,,,,,,,,,0,,,,,
,,,,,,,,,,,,0,,,,,
,,,,,,,,,,,,0,,,,,
,,,,,,,,,,,,0,,,,,
,,,,,,,,,,,,0,,,,,
,,,,,,,,,,,,0,,,,,
,,,,,,,,,,,,0,,,,,
,,,,,,,,,,,,0,,,,,
,,,,,,,,,,,,0,,,,,
,,,,,,,,,,,,0,,,,,
,,,,,,,,,,,,0,,,,,
,,,,,,,,,,,,0,,,,,
,,,,,,,,,,,,0,,,,,
,,,,,,,,,,,,0,,,,,
,,,,,,,,,,,,0,,,,,
,,,,,,,,,,,,0,,,,,
,,,,,,,,,,,,0,,,,,
,,,,,,,,,,,,0,,,,,
,,,,,,,,,,,,0,,,,,
,,,,,,,,,,,,0,,,,,
,,,,,,,,,,,,0,,,,,
,,,,,,,,,,,,0,,,,,
,,,,,,,,,,,,0,,,,,
,,,,,,,,,,,,0,,,,,
,,,,,,,,,,,,0,,,,,
,,,,,,,,,,,,0,,,,,
,,,,,,,,,,,,0,,,,,
,,,,,,,,,,,,0,,,,,
,,,,,,,,,,,,0,,,,,
,,,,,,,,,,,,0,,,,,
,,,,,,,,,,,,0,,,,,
,,,,,,,,,,,,0,,,,,
,,,,,,,,,,,,0,,,,,
,,,,,,,,,,,,0,,,,,
,,,,,,,,,,,,0,,,,,
,,,,,,,,,,,,0,,,,,
,,,,,,,,,,,,0,,,,,
,,,,,,,,,,,,0,,,,,
,,,,,,,,,,,,0,,,,,
,,,,,,,,,,,,0,,,,,
,,,,,,,,,,,,0,,,,,
,,,,,,,,,,,,0,,,,,
,,,,,,,,,,,,0,,,,,
,,,,,,,,,,,,0,,,,,
,,,,,,,,,,,,0,,,,,
,,,,,,,,,,,,0,,,,,
,,,,,,,,,,,,0,,,,,
,,,,,,,,,,,,0,,,,,
,,,,,,,,,,,,0,,,,,
,,,,,,,,,,,,0,,,,,
,,,,,,,,,,,,0,,,,,
,,,,,,,,,,,,0,,,,,
,,,,,,,,,,,,0,,,,,
,,,,,,,,,,,,0,,,,,
,,,,,,,,,,,,0,,,,,
,,,,,,,,,,,,0,,,,,
,,,,,,,,,,,,0,,,,,
,,,,,,,,,,,,0,,,,,
,,,,,,,,,,,,0,,,,,
,,,,,,,,,,,,0,,,,,
,,,,,,,,,,,,0,,,,,
,,,,,,,,,,,,0,,,,,
,,,,,,,,,,,,0,,,,,
,,,,,,,,,,,,0,,,,,
,,,,,,,,,,,,0,,,,,
,,,,,,,,,,,,0,,,,,
,,,,,,,,,,,,0,,,,,
,,,,,,,,,,,,0,,,,,
,,,,,,,,,,,,0,,,,,
,,,,,,,,,,,,0,,,,,
,,,,,,,,,,,,0,,,,,
,,,,,,,,,,,,0,,,,,
,,,,,,,,,,,,0,,,,,
,,,,,,,,,,,,0,,,,,
,,,,,,,,,,,,0,,,,,
,,,,,,,,,,,,0,,,,,
,,,,,,,,,,,,0,,,,,
,,,,,,,,,,,,0,,,,,
,,,,,,,,,,,,0,,,,,
,,,,,,,,,,,,0,,,,,
,,,,,,,,,,,,0,,,,,
,,,,,,,,,,,,0,,,,,
,,,,,,,,,,,,0,,,,,
,,,,,,,,,,,,0,,,,,
,,,,,,,,,,,,0,,,,,
,,,,,,,,,,,,0,,,,,
,,,,,,,,,,,,0,,,,,
,,,,,,,,,,,,0,,,,,
,,,,,,,,,,,,0,,,,,
,,,,,,,,,,,,0,,,,,
,,,,,,,,,,,,0,,,,,
,,,,,,,,,,,,0,,,,,
,,,,,,,,,,,,0,,,,,
,,,,,,,,,,,,0,,,,,
,,,,,,,,,,,,0,,,,,
,,,,,,,,,,,,0,,,,,
,,,,,,,,,,,,0,,,,,
,,,,,,,,,,,,0,,,,,
,,,,,,,,,,,,0,,,,,
,,,,,,,,,,,,0,,,,,
,,,,,,,,,,,,0,,,,,
,,,,,,,,,,,,0,,,,,
,,,,,,,,,,,,0,,,,,
,,,,,,,,,,,,0,,,,,
,,,,,,,,,,,,0,,,,,
,,,,,,,,,,,,0,,,,,
,,,,,,,,,,,,0,,,,,
,,,,,,,,,,,,0,,,,,
,,,,,,,,,,,,0,,,,,
,,,,,,,,,,,,0,,,,,
,,,,,,,,,,,,0,,,,,
,,,,,,,,,,,,0,,,,,
,,,,,,,,,,,,0,,,,,
,,,,,,,,,,,,0,,,,,
,,,,,,,,,,,,0,,,,,
,,,,,,,,,,,,0,,,,,
,,,,,,,,,,,,0,,,,,
,,,,,,,,,,,,0,,,,,
,,,,,,,,,,,,0,,,,,
,,,,,,,,,,,,0,,,,,
,,,,,,,,,,,,0,,,,,
,,,,,,,,,,,,0,,,,,
,,,,,,,,,,,,0,,,,,
,,,,,,,,,,,,0,,,,,
,,,,,,,,,,,,0,,,,,
,,,,,,,,,,,,0,,,,,
,,,,,,,,,,,,0,,,,,
,,,,,,,,,,,,0,,,,,
,,,,,,,,,,,,0,,,,,
,,,,,,,,,,,,0,,,,,
,,,,,,,,,,,,0,,,,,
,,,,,,,,,,,,0,,,,,
,,,,,,,,,,,,0,,,,,
,,,,,,,,,,,,0,,,,,
,,,,,,,,,,,,0,,,,,
,,,,,,,,,,,,0,,,,,
,,,,,,,,,,,,0,,,,,
,,,,,,,,,,,,0,,,,,
,,,,,,,,,,,,0,,,,,
,,,,,,,,,,,,0,,,,,
,,,,,,,,,,,,0,,,,,
,,,,,,,,,,,,0,,,,,
,,,,,,,,,,,,0,,,,,
,,,,,,,,,,,,0,,,,,
,,,,,,,,,,,,0,,,,,
,,,,,,,,,,,,0,,,,,
,,,,,,,,,,,,0,,,,,
,,,,,,,,,,,,0,,,,,
,,,,,,,,,,,,0,,,,,
,,,,,,,,,,,,0,,,,,
,,,,,,,,,,,,0,,,,,
,,,,,,,,,,,,0,,,,,
,,,,,,,,,,,,0,,,,,
,,,,,,,,,,,,0,,,,,
,,,,,,,,,,,,0,,,,,
,,,,,,,,,,,,0,,,,,
,,,,,,,,,,,,0,,,,,
,,,,,,,,,,,,0,,,,,
,,,,,,,,,,,,0,,,,,
,,,,,,,,,,,,0,,,,,
,,,,,,,,,,,,0,,,,,
,,,,,,,,,,,,0,,,,,
,,,,,,,,,,,,0,,,,,
,,,,,,,,,,,,0,,,,,
,,,,,,,,,,,,0,,,,,
,,,,,,,,,,,,0,,,,,
,,,,,,,,,,,,0,,,,,
,,,,,,,,,,,,0,,,,,
,,,,,,,,,,,,0,,,,,
,,,,,,,,,,,,0,,,,,
,,,,,,,,,,,,0,,,,,
,,,,,,,,,,,,0,,,,,
,,,,,,,,,,,,0,,,,,
,,,,,,,,,,,,0,,,,,
,,,,,,,,,,,,0,,,,,
,,,,,,,,,,,,0,,,,,
,,,,,,,,,,,,0,,,,,
,,,,,,,,,,,,0,,,,,
,,,,,,,,,,,,0,,,,,
,,,,,,,,,,,,0,,,,,
,,,,,,,,,,,,0,,,,,
,,,,,,,,,,,,0,,,,,
,,,,,,,,,,,,0,,,,,
,,,,,,,,,,,,0,,,,,
,,,,,,,,,,,,0,,,,,
,,,,,,,,,,,,0,,,,,
,,,,,,,,,,,,0,,,,,
,,,,,,,,,,,,0,,,,,
,,,,,,,,,,,,0,,,,,
,,,,,,,,,,,,0,,,,,
,,,,,,,,,,,,0,,,,,
,,,,,,,,,,,,0,,,,,
,,,,,,,,,,,,0,,,,,
,,,,,,,,,,,,0,,,,,
,,,,,,,,,,,,0,,,,,
,,,,,,,,,,,,0,,,,,
,,,,,,,,,,,,0,,,,,
,,,,,,,,,,,,0,,,,,
,,,,,,,,,,,,0,,,,,
,,,,,,,,,,,,0,,,,,
,,,,,,,,,,,,0,,,,,
,,,,,,,,,,,,0,,,,,
,,,,,,,,,,,,0,,,,,
,,,,,,,,,,,,0,,,,,
,,,,,,,,,,,,0,,,,,
,,,,,,,,,,,,0,,,,,
,,,,,,,,,,,,0,,,,,
,,,,,,,,,,,,0,,,,,
,,,,,,,,,,,,0,,,,,
,,,,,,,,,,,,0,,,,,